I,Qc,Qd,T,V,t
0.0,0.0,0.0,31.712118,2.0264654,0.0
0.2159846909090909,2.1892861e-06,0.0,31.642683,2.0391855,0.0024866666666639504
0.39595430909090906,2.1892861e-06,0.0,31.642683,2.0548534,0.0029899999999846234
0.5038287454545455,2.1892861e-06,0.0,31.642683,2.0668211,0.0033266666666653083
0.6116459545454545,2.1892861e-06,0.0,31.642683,2.0807114,0.0037099999999857876
0.6836899818181819,2.1892861e-06,0.0,31.642683,2.0907917,0.003894999999981034
0.7556022272727272,2.1892861e-06,0.0,31.642683,2.1013985,0.004056666666656383
0.8637072818181818,6.5689792e-06,0.0,31.642683,2.1185837,0.004431666666672148
0.9718504545454545,6.5689792e-06,0.0,31.642683,2.1371298,0.0047700000000077125
1.043840727272727,6.5689792e-06,0.0,31.642683,2.1501017,0.00492666666665779
1.1158422727272725,6.5689792e-06,0.0,31.642683,2.1636944,0.005139999999998205
1.223546818181818,6.5689792e-06,0.0,31.642683,2.1846561,0.005493333333318636
1.3316059090909091,6.5689792e-06,0.0,31.642683,2.2063818,0.0058200000000094105
1.4034045454545452,6.5689792e-06,0.0,31.642683,2.2210083,0.005976666666659487
1.5118321818181817,6.5689792e-06,0.0,31.642683,2.2437019,0.006283333333340124
1.583519,6.5689792e-06,0.0,31.642683,2.2592564,0.006616666666650417
1.6556913636363635,6.5689792e-06,0.0,31.642683,2.2747812,0.006779999999980646
1.7274370909090908,6.5689792e-06,0.0,31.642683,2.2903538,0.00693666666666104
1.835303727272727,6.5689792e-06,0.0,31.642683,2.3140221,0.007273333333341725
1.942443,6.5689792e-06,0.0,31.642683,2.3379812,0.007628333333317036
2.0154883636363636,6.5689792e-06,0.0,31.642683,2.3537445,0.007806666666662447
2.087488181818182,6.5689792e-06,0.0,31.642683,2.3698139,0.007988333333317617
2.195687727272727,6.5689792e-06,0.0,31.642683,2.3937855,0.008353333333343472
2.3032370909090907,6.5689792e-06,0.0,31.642683,2.4174643,0.00865999999999379
2.375515181818182,6.5689792e-06,0.0,31.642683,2.4331341,0.008843333333334157
2.447522727272727,6.5689792e-06,0.0,31.642683,2.4485054,0.009138333333339688
2.519350909090909,6.5689792e-06,0.0,31.642683,2.4635687,0.009321666666649738
2.6276241818181814,6.5689792e-06,0.0,31.642683,2.4857521,0.009658333333330422
2.69963,6.5689792e-06,0.0,31.642683,2.4998779,0.009816666666665697
2.807632818181818,6.5689792e-06,0.0,31.642683,2.5199795,0.010178333333321158
2.9155990909090908,6.5689792e-06,0.0,31.642683,2.5388765,0.010533333333326785
2.9877645454545454,6.5689792e-06,0.0,31.642683,2.5507288,0.010686666666667103
3.059527636363636,6.5689792e-06,0.0,31.642683,2.5619764,0.010871666666662349
3.16782,6.5689792e-06,0.0,31.642683,2.5776281,0.011254999999982829
3.2755045454545453,6.5689792e-06,0.0,31.642683,2.5917435,0.011613333333328531
3.420289636363636,6.5689792e-06,0.0,31.642683,2.6088133,0.011999999999989085
3.563901727272727,6.5689792e-06,0.0,31.642683,2.6239166,0.012430000000009992
3.563887,6.5689792e-06,0.0,31.642683,2.635396,0.01296666666667079
3.564148818181818,6.5689792e-06,0.0,31.642683,2.6464319,0.013726666666661913
3.563524636363636,6.5689792e-06,0.0,31.642683,2.6570568,0.014789999999993596
3.5642745454545453,6.5689792e-06,0.0,31.642683,2.6671591,0.016283333333315872
3.600067636363636,6.5689792e-06,0.0,31.642683,2.6776114,0.018069999999988796
3.599995727272727,6.5689792e-06,0.0,31.642683,2.6879568,0.020670000000003106
3.600055545454545,0.0011058908,0.0,31.642683,2.6980009,0.023511666666672683
3.599937636363636,0.0011058908,0.0,31.642683,2.7084761,0.026765000000007907
3.5996835454545453,0.0011058908,0.0,31.642683,2.7185402,0.030273333333328385
3.6002011818181816,0.0011058908,0.0,31.642683,2.7285862,0.03387166666664901
3.5998032727272724,0.0019582906,0.0,31.642683,2.7386389,0.03755166666666507
3.599824,0.0019582906,0.0,31.642683,2.7486773,0.041623333333336635
3.599824,0.0019582906,0.0,31.637733,2.7486773,0.04162499999999151
3.6000312727272723,0.0019582906,0.0,31.637733,2.7590055,0.045926666666673555
3.5998621818181813,0.0019582906,0.0,31.637733,2.7691994,0.05044833333331553
3.5999410909090903,0.0031921612,0.0,31.637733,2.7794638,0.05512499999998302
3.600005272727272,0.0031921612,0.0,31.637733,2.7895737,0.059978333333341044
3.5999211818181815,0.0031921612,0.0,31.637733,2.7999296,0.06507166666666914
3.600060727272727,0.0031921612,0.0,31.637733,2.8100195,0.07039166666666764
3.5996800909090907,0.0045299847,0.0,31.637733,2.8200836,0.07598166666666657
3.6001812727272724,0.0045299847,0.0,31.637733,2.8302078,0.08181666666666085
3.6000295454545452,0.0053458633,0.0,31.611462,2.8405743,0.08815333333332091
3.6001387272727268,0.0053458633,0.0,31.611462,2.8507032,0.09459833333333639
3.6004040909090906,0.0053458633,0.0,31.611462,2.860775,0.10138000000000223
3.599877818181818,0.0066993413,0.0,31.611462,2.870923,0.1084083333333183
3.6000295454545452,0.0066993413,0.0,31.611462,2.8809395,0.1158050000000003
3.600268818181818,0.0077018142,0.0,31.611462,2.8912563,0.1234383333333426
3.6001587272727273,0.0077018142,0.0,31.611462,2.9014835,0.13164666666665045
3.6007429999999996,0.008801884,0.0,31.587286,2.9115391,0.1399933333333138
3.600130909090909,0.008801884,0.0,31.587286,2.9216785,0.14873999999999796
3.599888181818182,0.0099765947,0.0,31.587286,2.9316978,0.1578350000000076
3.600212454545454,0.0099765947,0.0,31.587286,2.9417458,0.16722666666664737
3.5998222727272724,0.011240408,0.0,31.587286,2.9519444,0.1771816666666685
3.600268818181818,0.011922541,0.0,31.60747,2.9620771,0.18758666666666007
3.6004188181818177,0.011922541,0.0,31.60747,2.9722137,0.19831500000000232
3.5997182727272725,0.013385032,0.0,31.60747,2.9824677,0.2094333333333149
3.5994616363636363,0.014151726,0.0,31.60747,2.99265,0.22124999999999392
3.6002323636363633,0.014151726,0.0,31.60747,3.002677,0.2333150000000084
3.6002323636363633,0.014151726,0.0,31.530937,3.002677,0.23331666666666326
3.600008727272727,0.015750572,0.0,31.530937,3.0127869,0.24597333333334367
3.600022545454545,0.016659636,0.0,31.530937,3.0228148,0.25917999999998453
3.6002132727272724,0.01755064,0.0,31.530937,3.0328903,0.2729149999999815
3.599832727272727,0.01755064,0.0,31.539295,3.0429306,0.2869599999999991
3.5992752727272723,0.019434439,0.0,31.539295,3.0529366,0.3019616666666479
3.5998569999999996,0.020490455,0.0,31.539295,3.0629978,0.31769166666666326
3.6001344545454543,0.021593198,0.0,31.507874,3.073041,0.3339583333333394
3.6004595454545454,0.02270014,0.0,31.507874,3.0830498,0.3508116666666562
3.5999592727272725,0.023850422,0.0,31.507874,3.0931063,0.36851833333333467
3.6014079999999997,0.025071219,0.0,31.507874,3.1031256,0.3870166666666591
3.6014079999999997,0.025071219,0.0,31.452324,3.1031256,0.38701833333331404
3.599790181818182,0.026370859,0.0,31.452324,3.1131458,0.4064266666666602
3.6000381818181815,0.027688257,0.0,31.452324,3.1231728,0.42650666666665227
3.6000381818181815,0.027688257,0.0,31.446402,3.1231728,0.42650833333333743
3.5999791818181817,0.029107841,0.0,31.446402,3.1333771,0.4478533333333265
3.600001727272727,0.03057036,0.0,31.446402,3.1434898,0.4700033333333219
3.600001727272727,0.03057036,0.0,31.467531,3.1434898,0.47000500000000706
3.5997511818181813,0.032105133,0.0,31.467531,3.1534948,0.4932999999999993
3.599801454545454,0.033698339,0.0,31.467531,3.1635351,0.517428333333343
3.599801454545454,0.033698339,0.0,31.42831,3.1635351,0.5174299999999978
3.6000148181818177,0.035388228,0.0,31.42831,3.1735487,0.5428549999999935
3.600236727272727,0.037096582,0.0,31.387014,3.1835585,0.5690983333333255
3.6008756363636363,0.038951412,0.0,31.387014,3.1936255,0.596963333333315
3.600041636363636,0.040878948,0.0,31.389864,3.2036266,0.6261249999999866
3.6000815454545454,0.042860575,0.0,31.312185,3.2136889,0.656823333333341
3.6001387272727268,0.044966556,0.0,31.312185,3.2237444,0.6887666666666519
3.600477727272727,0.047229894,0.0,31.312185,3.2338009,0.7226733333333262
3.600477727272727,0.047229894,0.0,31.348705,3.2338009,0.7226749999999811
3.599945454545454,0.04960778,0.0,31.348705,3.2438087,0.7585416666666485
3.599945454545454,0.04960778,0.0,31.30114,3.2438087,0.7585433333333337
3.600139636363636,0.052044787,0.0,31.30114,3.25387,0.7955949999999878
3.600003545454545,0.054629054,0.0,31.274067,3.2639027,0.8346233333333354
3.5999462727272724,0.057376426,0.0,31.251968,3.2739677,0.8760099999999814
3.600093636363636,0.060254142,0.0,31.251968,3.2840853,0.9198516666666667
3.600093636363636,0.060254142,0.0,31.246994,3.2840853,0.9198533333333216
3.5996983636363633,0.063320391,0.0,31.238043,3.2940912,0.9665916666666514
3.5998231818181816,0.066611379,0.0,31.225845,3.3041592,1.0160949999999807
3.6001430909090906,0.070166543,0.0,31.225845,3.3142424,1.0709616666666686
3.6001430909090906,0.070166543,0.0,31.205679,3.3142424,1.0709633333333235
3.5998379090909087,0.074452341,0.0,31.213848,3.3242712,1.1349366666666658
3.5997910909090907,0.079910174,0.0,31.179554,3.3344202,1.2176716666666532
3.6000477272727274,0.085425168,0.0,31.168335,3.3418455,1.3011166666666516
3.600079818181818,0.09094169,0.0,31.143188,3.3475227,1.3846700000000056
3.6001864545454545,0.096442953,0.0,31.162237,3.3521624,1.4680833333333188
3.600196818181818,0.10196062,0.0,31.162237,3.3560934,1.5515466666666726
3.600196818181818,0.10196062,0.0,31.139971,3.3560934,1.5515483333333273
3.599962727272727,0.1074123,0.0,31.139971,3.3594809,1.6349766666666559
3.599962727272727,0.1074123,0.0,31.177317,3.3594809,1.634978333333341
3.600017363636363,0.11296082,0.0,31.22506,3.3627043,1.7184466666666594
3.6000139090909085,0.11846534,0.0,31.221846,3.3656998,1.801968333333328
3.5984299090909087,0.12398122,0.0,31.170271,3.3686142,1.8854633333333368
3.600424,0.12950724,0.0,31.170271,3.3717222,1.9688783333333353
3.600424,0.12950724,0.0,31.198463,3.3717222,1.9688799999999902
3.5998249090909087,0.13500717,0.0,31.198463,3.3745766,2.052361666666669
3.5998249090909087,0.13500717,0.0,31.228727,3.3745766,2.0523633333333238
3.600120545454545,0.14051116,0.0,31.228727,3.3776188,2.135709999999987
3.600120545454545,0.14051116,0.0,31.259972,3.3776188,2.1357116666666722
3.6001448181818176,0.14597838,0.0,31.259972,3.380312,2.2191116666666555
3.6001448181818176,0.14597838,0.0,31.309505,3.380312,2.2191133333333406
3.599866545454545,0.15145835,0.0,31.2619,3.3832083,2.302461666666659
3.600021727272727,0.15696473,0.0,31.304356,3.3859234,2.3859616666666623
3.600176,0.16254058,0.0,31.342638,3.3884907,2.4694516666666764
3.6002540909090905,0.16802569,0.0,31.342638,3.3911877,2.5527999999999946
3.6002540909090905,0.16802569,0.0,31.328379,3.3911877,2.552801666666649
3.6002210909090904,0.17355034,0.0,31.347588,3.3937292,2.6361883333333327
3.600342454545454,0.1790382,0.0,31.372725,3.3961639,2.7196999999999814
3.599396636363636,0.18454179,0.0,31.392914,3.3986597,2.803139999999985
3.5998482727272725,0.19007954,0.0,31.393698,3.401062,2.8866349999999934
3.600125727272727,0.19555584,0.0,31.393698,3.4035387,2.969983333333342
3.600125727272727,0.19555584,0.0,31.475527,3.4035387,2.9699849999999968
3.5997434545454543,0.20108612,0.0,31.482409,3.4058352,3.0534383333333306
3.6001274545454542,0.20657407,0.0,31.477459,3.4081192,3.1368549999999837
3.600033,0.21209314,0.0,31.472479,3.4101706,3.2202166666666625
3.5996628181818178,0.21757868,0.0,31.486401,3.4121695,3.3035649999999803
3.600139636363636,0.22307687,0.0,31.483223,3.4143639,3.3869550000000044
3.5996922727272724,0.2286057,0.0,31.483223,3.4161549,3.4704099999999927
3.5996922727272724,0.2286057,0.0,31.512514,3.4161549,3.4704116666666476
3.6000615454545453,0.2340951,0.0,31.512514,3.4178753,3.553769999999986
3.6000615454545453,0.2340951,0.0,31.567917,3.4178753,3.553771666666671
3.6002002727272724,0.23960559,0.0,31.567917,3.419529,3.6372349999999947
3.6002002727272724,0.23960559,0.0,31.540693,3.419529,3.6372366666666496
3.6001499999999997,0.24507837,0.0,31.553665,3.4212351,3.720643333333343
3.600163909090909,0.25062656,0.0,31.578793,3.4227867,3.8040583333333418
3.6003121818181816,0.25610781,0.0,31.582005,3.4242353,3.88746000000001
3.599911636363636,0.26161334,0.0,31.582005,3.4254732,3.970838333333328
3.599911636363636,0.26161334,0.0,31.61817,3.4254732,3.970839999999983
3.6001430909090906,0.26714221,0.0,31.595112,3.4268541,4.054331666666652
3.5999982727272726,0.27259868,0.0,31.588881,3.4280176,4.1378
3.6003190909090907,0.27813646,0.0,31.588881,3.4291868,4.221266666666664
3.6003190909090907,0.27813646,0.0,31.651451,3.4291868,4.2212683333333185
3.6002852727272727,0.28365242,0.0,31.648571,3.4302568,4.304674999999983
3.600340727272727,0.28914291,0.0,31.642179,3.431488,4.388125000000006
3.5998673636363634,0.2946606,0.0,31.642179,3.4324284,4.471526666666675
3.5998673636363634,0.2946606,0.0,31.674511,3.4324284,4.471528333333329
3.5997329999999996,0.30016869,0.0,31.674511,3.4335718,4.555023333333338
3.5997329999999996,0.30016869,0.0,31.699629,3.4335718,4.5550249999999926
3.599792,0.30566701,0.0,31.699629,3.4346895,4.638466666666651
3.599792,0.30566701,0.0,31.718071,3.4346895,4.6384683333333365
3.600218545454545,0.31115037,0.0,31.718071,3.4355469,4.721933333333315
3.600218545454545,0.31115037,0.0,31.742214,3.4355469,4.721935
3.6001820909090907,0.31668219,0.0,31.742214,3.4365778,4.805428333333324
3.6001820909090907,0.31668219,0.0,31.735956,3.4365778,4.805430000000009
3.599883818181818,0.32219467,0.0,31.750202,3.4378023,4.888848333333317
3.5999341818181816,0.32771832,0.0,31.750202,3.4386692,4.972271666666651
3.5999341818181816,0.32771832,0.0,31.795326,3.4386692,4.9722733333333355
3.5998969090909085,0.33322385,0.0,31.795326,3.4397717,5.0556100000000095
3.5998969090909085,0.33322385,0.0,31.809603,3.4397717,5.055611666666664
3.600053818181818,0.33873186,0.0,31.809603,3.4406214,5.139014999999987
3.600053818181818,0.33873186,0.0,31.799318,3.4406214,5.139016666666673
3.5999159090909085,0.34422833,0.0,31.826696,3.4415674,5.222386666666655
3.600358090909091,0.34973541,0.0,31.826696,3.4426689,5.3058583333333145
3.600358090909091,0.34973541,0.0,31.863041,3.4426689,5.305859999999999
3.600152636363636,0.35522789,0.0,31.878849,3.4435148,5.389355000000008
3.599944545454545,0.36071292,0.0,31.929405,3.4445105,5.472798333333321
3.600157818181818,0.36626863,0.0,31.929405,3.4453068,5.556314999999995
3.600157818181818,0.36626863,0.0,31.934374,3.4453068,5.55631666666665
3.5997477272727267,0.3717725,0.0,31.921083,3.4462509,5.639768333333328
3.601233727272727,0.37727296,0.0,31.975653,3.4472818,5.723183333333327
3.6004040909090906,0.38279796,0.0,31.975653,3.4481106,5.806614999999995
3.6004040909090906,0.38279796,0.0,31.990816,3.4481106,5.806616666666651
3.6005609999999995,0.38828403,0.0,32.008751,3.4490557,5.890094999999989
3.5999531818181816,0.39380154,0.0,32.008751,3.449872,5.973608333333322
3.5999531818181816,0.39380154,0.0,31.995457,3.449872,5.973610000000008
3.599989636363636,0.39930716,0.0,32.028713,3.4507732,6.056991666666666
3.6012779999999998,0.4047114,0.0,32.028713,3.4516315,6.140488333333329
3.6012779999999998,0.4047114,0.0,32.0257,3.4516315,6.140489999999985
3.6002904545454544,0.41029769,0.0,32.0257,3.4524918,6.224009999999998
3.6002904545454544,0.41029769,0.0,32.06406,3.4524918,6.224011666666653
3.5998890909090906,0.41583142,0.0,32.056694,3.4532928,6.3074516666666565
3.6000520909090907,0.42128292,0.0,32.056694,3.4541273,6.390946666666665
3.6000520909090907,0.42128292,0.0,32.093353,3.4541273,6.390948333333321
3.6000477272727274,0.42685273,0.0,32.085003,3.4549484,6.474456666666659
3.6001985454545453,0.43236604,0.0,32.102322,3.4558458,6.557805000000007
3.5996775454545453,0.437868,0.0,32.108044,3.4567156,6.641286666666656
3.5998101818181816,0.44337937,0.0,32.138447,3.4575844,6.724716666666669
3.600346,0.44889009,0.0,32.138447,3.4582825,6.808213333333333
3.600346,0.44889009,0.0,32.16642,3.4582825,6.808214999999988
3.599866545454545,0.45436642,0.0,32.185596,3.4591761,6.891708333333342
3.6004933636363634,0.45991054,0.0,32.162228,3.4597158,6.97518999999999
3.599983545454545,0.46542913,0.0,32.162228,3.4605989,7.058675000000009
3.599983545454545,0.46542913,0.0,32.230843,3.4605989,7.058676666666664
3.599937636363636,0.47092402,0.0,32.177448,3.4613953,7.142181666666662
3.6002956363636365,0.47643468,0.0,32.218838,3.4621983,7.2255883333333255
3.600313909090909,0.48195848,0.0,32.276093,3.4630413,7.30909166666667
3.599989636363636,0.48745897,0.0,32.314606,3.4639053,7.392439999999988
3.5997867272727273,0.49295014,0.0,32.27927,3.4645977,7.475870000000001
3.600059818181818,0.49845883,0.0,32.326603,3.4651899,7.5593383333333195
3.5996792727272724,0.50394934,0.0,32.3549,3.4661255,7.642846666666658
3.599814545454545,0.50946599,0.0,32.358891,3.466794,7.726196666666662
3.600052909090909,0.51496184,0.0,32.354557,3.4676256,7.809585
3.600210727272727,0.520477,0.0,32.435467,3.468399,7.893066666666649
3.6001031818181812,0.52600712,0.0,32.386856,3.4692173,7.9765349999999975
3.5999601818181817,0.53148866,0.0,32.386856,3.4699793,8.059910000000006
3.5999601818181817,0.53148866,0.0,32.452366,3.4699793,8.059911666666661
3.599924636363636,0.53699136,0.0,32.385902,3.4707575,8.14332666666666
3.600202909090909,0.54249507,0.0,32.407166,3.4715214,8.226744999999998
3.6000139090909085,0.54801786,0.0,32.473457,3.4723454,8.310196666666677
3.600137909090909,0.55347699,0.0,32.473457,3.4731121,8.39362333333332
3.600137909090909,0.55347699,0.0,32.521896,3.4731121,8.393625000000005
3.5999124545454544,0.55902135,0.0,32.50066,3.4738579,8.477068333333317
3.600215,0.5645265,0.0,32.50066,3.4747028,8.560521666666652
3.600215,0.5645265,0.0,32.499516,3.4747028,8.560523333333338
3.6000815454545454,0.57004404,0.0,32.483364,3.4756165,8.643994999999995
3.599910727272727,0.57556349,0.0,32.518513,3.4763346,8.727431666666659
3.5999982727272726,0.58106202,0.0,32.548721,3.4770937,8.810823333333337
3.5999341818181816,0.58657527,0.0,32.548721,3.4778252,8.89423666666665
3.5999341818181816,0.58657527,0.0,32.572853,3.4778252,8.894238333333336
3.599694818181818,0.59207624,0.0,32.572853,3.4786634,8.977585
3.599694818181818,0.59207624,0.0,32.576668,3.4786634,8.977586666666655
3.599877818181818,0.59757036,0.0,32.62891,3.4794712,9.060986666666668
3.600237545454545,0.60308361,0.0,32.62891,3.4802656,9.144414999999997
3.600237545454545,0.60308361,0.0,32.619793,3.4802656,9.14441666666665
3.599570909090909,0.60858285,0.0,32.619793,3.4810867,9.22787500000001
3.599570909090909,0.60858285,0.0,32.579372,3.4810867,9.227876666666665
3.6001812727272724,0.61410052,0.0,32.65189,3.4820709,9.311238333333343
3.600256636363636,0.61959654,0.0,32.65189,3.4828663,9.394634999999987
3.600256636363636,0.61959654,0.0,32.634483,3.4828663,9.394636666666672
3.600024272727272,0.62510633,0.0,32.634483,3.483633,9.477989999999984
3.600024272727272,0.62510633,0.0,32.671886,3.483633,9.47799166666667
3.599780727272727,0.63060021,0.0,32.671886,3.4844751,9.561399999999988
3.599780727272727,0.63060021,0.0,32.662598,3.4844751,9.561401666666674
3.600235818181818,0.63610208,0.0,32.657467,3.4852552,9.644873333333331
3.600268818181818,0.64159876,0.0,32.657467,3.4861374,9.728363333333315
3.600268818181818,0.64159876,0.0,32.697735,3.4861374,9.728365
3.5999844545454542,0.64710408,0.0,32.697735,3.4870014,9.811819999999988
3.5999844545454542,0.64710408,0.0,32.707024,3.4870014,9.811821666666674
3.599798,0.65259194,0.0,32.706043,3.4879818,9.895196666666653
3.6002766363636365,0.65814465,0.0,32.695984,3.4887829,9.978656666666666
3.600139636363636,0.66364115,0.0,32.773438,3.4896641,10.06214666666665
3.600003545454545,0.66911393,0.0,32.773438,3.4906292,10.145508333333328
3.600003545454545,0.66911393,0.0,32.768337,3.4906292,10.145509999999982
3.6002783636363636,0.674649,0.0,32.768337,3.4915457,10.228856666666676
3.6002783636363636,0.674649,0.0,32.80249,3.4915457,10.228858333333331
3.5996731818181815,0.68013686,0.0,32.80249,3.4923286,10.312204999999995
3.5996731818181815,0.68013686,0.0,32.774052,3.4923286,10.312206666666649
3.5999263636363636,0.685673,0.0,32.774052,3.4933434,10.395686666666673
3.5999263636363636,0.685673,0.0,32.81847,3.4933434,10.395688333333329
3.6000702727272724,0.6911487,0.0,32.815426,3.4942198,10.479131666666671
3.6000840909090908,0.69667423,0.0,32.819439,3.4953241,10.562525000000004
3.600101454545454,0.70218503,0.0,32.801376,3.4961615,10.645908333333319
3.600248818181818,0.70768958,0.0,32.801376,3.4969616,10.729348333333322
3.600248818181818,0.70768958,0.0,32.814484,3.4969616,10.729350000000007
3.5998820909090905,0.71319932,0.0,32.814484,3.4980469,10.81282333333332
3.5998820909090905,0.71319932,0.0,32.848797,3.4980469,10.812825000000005
3.599909909090909,0.71871173,0.0,32.868923,3.4992638,10.896275
3.599971454545454,0.72420478,0.0,32.853764,3.5002003,10.979663333333338
3.600021727272727,0.72968554,0.0,32.853764,3.5011158,11.063024999999985
3.600021727272727,0.72968554,0.0,32.875008,3.5011158,11.063026666666671
3.5996532727272728,0.73521215,0.0,32.92627,3.5021725,11.14639166666666
3.599989636363636,0.74071753,0.0,32.926071,3.5033092,11.229776666666657
3.599480727272727,0.7462166,0.0,32.926071,3.5043459,11.313128333333315
3.599480727272727,0.7462166,0.0,32.964256,3.5043459,11.313130000000001
3.600210727272727,0.75171232,0.0,32.94508,3.5056057,11.396554999999989
3.599465090909091,0.75717992,0.0,32.96841,3.5066309,11.479969999999987
3.6000026363636364,0.76271975,0.0,32.94923,3.5078487,11.563305000000007
3.600135272727272,0.76821172,0.0,33.015648,3.5090256,11.646720000000006
3.5997841818181815,0.77373034,0.0,33.013733,3.5101538,11.730094999999983
3.6001430909090906,0.77922624,0.0,33.06097,3.511446,11.813515000000006
3.599814545454545,0.78474104,0.0,33.011673,3.5126343,11.896996666666656
3.6005392727272723,0.79024029,0.0,33.055866,3.5140152,11.980448333333333
3.599811,0.79576164,0.0,33.018524,3.5152445,12.063863333333332
3.5998864545454543,0.80127412,0.0,33.018524,3.5166235,12.147256666666665
3.5998864545454543,0.80127412,0.0,33.031414,3.5166235,12.14725833333332
3.599983545454545,0.80669677,0.0,33.08857,3.5181246,12.230739999999999
3.6003164545454545,0.81223571,0.0,33.08857,3.51933,12.314219999999994
3.6003164545454545,0.81223571,0.0,33.059334,3.51933,12.314221666666647
3.600097090909091,0.81774539,0.0,33.071484,3.5209513,12.397623333333316
3.600093636363636,0.82330024,0.0,33.097485,3.5223866,12.48102333333333
3.5999549090909087,0.82878387,0.0,33.087593,3.5240011,12.564476666666662
3.5999159090909085,0.83429533,0.0,33.122696,3.5255623,12.647944999999982
3.5999341818181816,0.83976722,0.0,33.122696,3.5271378,12.73140333333334
3.5999341818181816,0.83976722,0.0,33.142815,3.5271378,12.731404999999995
3.6004551818181816,0.84531295,0.0,33.116486,3.5288525,12.81480166666667
3.5992960909090908,0.85081226,0.0,33.13961,3.530468,12.898244999999982
3.5999462727272724,0.85633695,0.0,33.185108,3.5323582,12.98167333333334
3.600005272727272,0.86182129,0.0,33.185108,3.534236,13.06511833333334
3.600005272727272,0.86182129,0.0,33.176804,3.534236,13.065119999999995
3.6007204545454545,0.86733377,0.0,33.176804,3.5361919,13.148478333333333
3.6007204545454545,0.86733377,0.0,33.191818,3.5361919,13.148479999999987
3.5999592727272725,0.87282765,0.0,33.191818,3.5380621,13.23181333333332
3.5999592727272725,0.87282765,0.0,33.201679,3.5380621,13.231815000000006
3.5998283636363633,0.87831724,0.0,33.210789,3.5400381,13.31529833333334
3.6001031818181812,0.88005179,0.0,33.226112,3.5408268,13.340825000000011
0.0004933097181818181,0.88005179,0.0,33.226112,3.4759092,13.341400000000005
0.0,0.88005179,0.0,33.226112,3.4337339,13.42577666666666
0.0,0.88005179,0.0,33.234081,3.4337339,13.425778333333316
0.0,0.88005179,0.0,33.226921,3.4155884,13.509044999999999
0.0,0.88005179,0.0,33.226921,3.4030418,13.592448333333323
0.0,0.88005179,0.0,33.133564,3.4030418,13.592450000000008
0.0,0.88005179,0.0,33.131641,3.3939238,13.67572999999999
0.0,0.88005179,0.0,33.111721,3.3869019,13.759105
0.0,0.88005179,0.0,33.015141,3.381424,13.842426666666658
0.0,0.88005179,0.0,32.941868,3.377059,13.925775000000007
0.0,0.88005179,0.0,32.941868,3.3735228,14.00909833333332
0.0,0.88005179,0.0,32.871624,3.3735228,14.009100000000005
0.0,0.88005179,0.0,32.871624,3.3706446,14.092446666666667
0.0,0.88005179,0.0,32.892868,3.3706446,14.092448333333323
0.0,0.88005179,0.0,32.892868,3.3682842,14.175715000000006
0.0,0.88005179,0.0,32.801376,3.3682842,14.175716666666661
0.0,0.88005179,0.0,32.801376,3.3662271,14.25905499999999
0.0,0.88005179,0.0,32.713852,3.3662271,14.259056666666675
0.0,0.88005179,0.0,32.618538,3.3645411,14.342386666666668
0.0,0.88005179,0.0,32.618538,3.3645411,14.342503333333328
-0.00012246045454545452,0.88005179,0.0,32.618538,3.297616,14.35619999999999
1.0001121818181817,0.88147449,0.0,32.618538,3.3899851,14.439974999999988
1.0001121818181817,0.88147449,0.0,32.595661,3.3899851,14.439976666666674
1.0000523636363636,0.88300109,0.0,32.585014,3.3933973,14.523324999999993
0.999918,0.88452441,0.0,32.533718,3.3960533,14.60664666666665
1.0001026363636363,0.88606334,0.0,32.463249,3.3982992,14.690003333333333
0.9997896363636363,0.88758683,0.0,32.396927,3.3999662,14.773383333333337
0.9997047272727273,0.889112,0.0,32.299278,3.4014626,14.856628333333326
0.9998832727272726,0.89063984,0.0,32.328499,3.402832,14.939969999999994
0.999820909090909,0.89217484,0.0,32.328499,3.4039869,15.023296666666647
0.999820909090909,0.89217484,0.0,32.285526,3.4039869,15.023298333333333
1.000055818181818,0.89370513,0.0,32.238216,3.4052448,15.106638333333315
1.0000775454545454,0.89523298,0.0,32.148861,3.4060812,15.190020000000004
1.0002327272727272,0.89675683,0.0,32.139729,3.4071798,15.273354999999992
1.0001824545454545,0.89829028,0.0,32.160233,3.4080963,15.35670666666665
0.9998572727272725,0.89981502,0.0,32.028267,3.4088316,15.44000166666665
1.0000419999999999,0.9013446,0.0,32.028267,3.4097376,15.523348333333342
1.0000419999999999,0.9013446,0.0,31.98415,3.4097376,15.523349999999997
0.9997506363636363,0.90286934,0.0,31.98415,3.4105244,15.60667333333334
0.9997506363636363,0.90286934,0.0,32.017582,3.4105244,15.606674999999996
1.0004702727272725,0.90439588,0.0,32.017582,3.4113846,15.690024999999999
1.0004702727272725,0.90439588,0.0,31.87743,3.4113846,15.690026666666654
0.9999153636363635,0.90590823,0.0,31.893606,3.4120789,15.773368333333321
1.0003393636363636,0.90744781,0.0,31.893606,3.4127083,15.85665333333333
1.0003393636363636,0.90744781,0.0,31.844332,3.4127083,15.856654999999986
0.9998009090909089,0.90897048,0.0,31.832348,3.4133825,15.939973333333334
0.9998477272727272,0.91050446,0.0,31.815022,3.4142122,16.023310000000006
1.0000072727272726,0.91203523,0.0,31.752638,3.4148483,16.10667333333334
1.0002092727272727,0.9135583,0.0,31.77298,3.4154215,16.190006666666672
0.9999457272727272,0.91509461,0.0,31.72143,3.4161329,16.273328333333332
1.0000349999999998,0.91659206,0.0,31.617554,3.4169607,16.35668999999998
0.9999413636363635,0.91814584,0.0,31.617554,3.4174557,16.440013333333322
0.9999413636363635,0.91814584,0.0,31.594492,3.4174557,16.44001500000001
1.0004598181818183,0.9196716,0.0,31.568556,3.4181194,16.52333666666667
1.0001060909090909,0.92120326,0.0,31.568556,3.4187746,16.606631666666665
1.0001060909090909,0.92120326,0.0,31.599981,3.4187746,16.60663333333332
1.0001945454545453,0.92272633,0.0,31.529377,3.4193392,16.689993333333312
1.000022,0.92425638,0.0,31.529377,3.4201078,16.773368333333323
1.000022,0.92425638,0.0,31.467699,3.4201078,16.773370000000007
0.9998849999999999,0.92575562,0.0,31.452662,3.4206333,16.85668999999998
0.9998885454545454,0.92731619,0.0,31.435526,3.4214544,16.940026666666654
1.0002274545454546,0.92884368,0.0,31.382038,3.4220915,17.023306666666667
1.000101818181818,0.930363,0.0,31.382038,3.4226408,17.10667
1.000101818181818,0.930363,0.0,31.354971,3.4226408,17.106671666666657
1.0005014545454545,0.93189597,0.0,31.29957,3.4232597,17.190006666666672
1.0000783636363635,0.93341964,0.0,31.279516,3.4238768,17.273366666666668
1.0000627272727272,0.93495083,0.0,31.287546,3.42453,17.35667666666665
0.9997653636363635,0.93648255,0.0,31.287546,3.4251842,17.44005166666666
0.9997653636363635,0.93648255,0.0,31.259356,3.4251842,17.440053333333314
1.0003237272727272,0.93799686,0.0,31.259356,3.4257269,17.523375
1.0003237272727272,0.93799686,0.0,31.266401,3.4257269,17.523376666666657
1.0002231818181817,0.93953717,0.0,31.24543,3.426486,17.606721666666665
0.9999552727272727,0.94105685,0.0,31.24543,3.4271574,17.690003333333333
0.9999552727272727,0.94105685,0.0,31.188868,3.4271574,17.69000499999999
0.9996925454545454,0.94259334,0.0,31.188059,3.4278622,17.773326666666648
1.0001450909090908,0.94412309,0.0,31.188059,3.4285498,17.85668999999998
1.0001450909090908,0.94412309,0.0,31.12237,3.4285498,17.856691666666666
1.0001338181818182,0.94564259,0.0,31.104445,3.42908,17.94001166666667
0.9998824545454545,0.94717199,0.0,31.074951,3.4297485,18.02332
0.9999300909090909,0.94869602,0.0,31.059902,3.4305468,18.106654999999986
1.0003367272727273,0.95022637,0.0,31.059902,3.4311275,18.19001500000001
1.0003367272727273,0.95022637,0.0,31.05797,3.4311275,18.190016666666665
0.9997800909090909,0.95174491,0.0,31.05797,3.4319239,18.273298333333333
0.9997800909090909,0.95174491,0.0,31.031496,3.4319239,18.27329999999999
0.9999466363636363,0.95328099,0.0,31.031496,3.4325647,18.35663333333332
0.9999466363636363,0.95328099,0.0,31.046749,3.4325647,18.356635000000004
0.9999743636363636,0.9548142,0.0,31.046749,3.4332161,18.440046666666664
0.9999743636363636,0.9548142,0.0,31.003292,3.4332161,18.44004833333332
0.9999422727272728,0.95633978,0.0,31.003292,3.433919,18.523341666666663
0.9999422727272728,0.95633978,0.0,30.957008,3.433919,18.52334333333332
1.000100909090909,0.95787108,0.0,30.957008,3.4348135,18.606665000000007
1.000100909090909,0.95787108,0.0,30.978167,3.4348135,18.606666666666662
0.9997670909090908,0.95938718,0.0,30.978167,3.4355326,18.689961666666658
0.9997670909090908,0.95938718,0.0,30.921745,3.4355326,18.689963333333313
0.9999422727272728,0.96091557,0.0,30.920763,3.4363384,18.77329999999999
0.9999466363636363,0.96245193,0.0,30.942902,3.4373331,18.85667333333334
0.9999934545454545,0.96392435,0.0,30.910826,3.4380159,18.939983333333323
1.000022909090909,0.96550357,0.0,30.852131,3.4388704,19.023313333333316
1.0000437272727272,0.96701145,0.0,30.850229,3.4396486,19.10668333333333
0.9999023636363635,0.96856129,0.0,30.828115,3.4406557,19.19001166666667
1.0001450909090908,0.97007692,0.0,30.80163,3.4415226,19.273346666666658
0.9999067272727271,0.97162324,0.0,30.848127,3.4424057,19.356718333333326
1.000179818181818,0.97314626,0.0,30.848127,3.4432898,19.440029999999993
1.000179818181818,0.97314626,0.0,30.834999,3.4432898,19.44003166666665
1.0002161818181816,0.97464055,0.0,30.765398,3.4444218,19.523378333333344
1.0001286363636364,0.97618139,0.0,30.783352,3.4454613,19.606721666666665
1.000068,0.97769058,0.0,30.765398,3.4465303,19.689961666666658
0.999976909090909,0.97926009,0.0,30.765398,3.4475842,19.773323333333337
0.999976909090909,0.97926009,0.0,30.795696,3.4475842,19.773324999999993
0.9994151818181817,0.98078316,0.0,30.746143,3.4487114,19.856648333333336
0.9999977272727272,0.98227429,0.0,30.740232,3.4499073,19.939993333333312
1.0004632727272726,0.98383605,0.0,30.756418,3.4510679,20.023303333333327
0.9997723636363636,0.98536706,0.0,30.708792,3.4525175,20.106665000000007
1.0001771818181817,0.98690146,0.0,30.708792,3.4537125,20.190036666666675
1.0001771818181817,0.98690146,0.0,30.717918,3.4537125,20.19003833333333
0.9999153636363635,0.98842174,0.0,30.667402,3.4552927,20.273366666666668
0.9999214545454546,0.98994738,0.0,30.731077,3.4566498,20.356644999999997
0.9998399999999998,0.9914844,0.0,30.724222,3.4581833,20.440008333333328
0.9998572727272725,0.99296874,0.0,30.724222,3.4597569,20.523294999999994
0.9998572727272725,0.99296874,0.0,30.644167,3.4597569,20.523296666666646
0.9999656363636363,0.99453443,0.0,30.657301,3.4614363,20.60671333333333
0.9998442727272726,0.99606431,0.0,30.597651,3.4632483,20.689969999999995
0.9994471818181818,0.99759591,0.0,30.620893,3.4650707,20.77336333333333
0.9998989090909091,0.9991225,0.0,30.671579,3.4669924,20.85670666666665
0.9983903636363635,1.0006287,0.0,30.621845,3.468955,20.939996666666655
1.0015192727272726,1.0021735,0.0,30.621845,3.4712,21.023310000000006
1.0015192727272726,1.0021735,0.0,30.68474,3.4712,21.02331166666666
0.9998607272727271,1.00368,0.0,30.594765,3.4734592,21.106661666666664
1.0000514545454544,1.0052288,0.0,30.603893,3.4758224,21.189964999999997
1.0001225454545453,1.0067554,0.0,30.597815,3.4783449,21.27329333333334
0.9998477272727272,1.0082898,0.0,30.597815,3.4810305,21.356665000000007
0.9998477272727272,1.0082898,0.0,30.598604,3.4810305,21.356666666666662
0.9999457272727272,1.0098146,0.0,30.594599,3.483758,21.439990000000005
0.9999760909090909,1.0113447,0.0,30.578548,3.4869022,21.52331166666666
0.9998451818181816,1.012849,0.0,30.559475,3.4900265,21.60667999999999
0.9998251818181817,1.0143846,0.0,30.559475,3.4933987,21.689983333333323
0.9998251818181817,1.0143846,0.0,30.558193,3.4933987,21.68998500000001
0.999814818181818,1.0159107,0.0,30.591545,3.4970503,21.773298333333333
1.0000645454545454,1.0174379,0.0,30.591545,3.5009069,21.85667999999999
1.0000645454545454,1.0174379,0.0,30.580484,3.5009069,21.856681666666677
0.9999699999999998,1.0189836,0.0,30.580484,3.5050211,21.94004166666667
0.9999699999999998,1.0189836,0.0,30.547096,3.5050211,21.940043333333325
0.9998347272727273,1.0205001,0.0,30.547096,3.5093861,22.02335833333333
0.9998347272727273,1.0205001,0.0,30.541975,3.5093861,22.023359999999986
1.0001217272727272,1.0220224,0.0,30.515841,3.5142546,22.1067
1.0002327272727272,1.0235606,0.0,30.528976,3.5192728,22.19000166666665
1.0005629999999999,1.0250753,0.0,30.528976,3.5247335,22.273316666666656
1.0005629999999999,1.0250753,0.0,30.557371,3.5247335,22.273318333333343
1.0001173636363636,1.0266182,0.0,30.557371,3.5305433,22.356624999999987
1.0001173636363636,1.0266182,0.0,30.543255,3.5305433,22.35662666666667
1.0000775454545454,1.0281379,0.0,30.543255,3.5368576,22.439990000000005
1.0000775454545454,1.0281379,0.0,30.613052,3.5368576,22.43999166666666
1.0001121818181817,1.0296739,0.0,30.535078,3.5436277,22.523294999999994
0.9998746363636363,1.031172,0.0,30.535078,3.5508738,22.60670999999999
0.9998746363636363,1.031172,0.0,30.564266,3.5508738,22.606711666666676
1.0001260909090908,1.0327296,0.0,30.549194,3.5589647,22.69001833333332
1.0002769090909092,1.034254,0.0,30.549194,3.5674181,22.77334333333332
1.0002769090909092,1.034254,0.0,30.528976,3.5674181,22.773345000000003
1.0001607272727273,1.0357881,0.0,30.528976,3.5768423,22.856651666666675
1.0001607272727273,1.0357881,0.0,30.561377,3.5768423,22.85665333333333
1.0000428181818182,1.037285,0.0,30.561377,3.5867987,22.94004833333332
1.0000428181818182,1.037285,0.0,30.550148,3.5867987,22.940050000000003
1.0001026363636363,1.0388376,0.0,30.590595,3.5977631,23.02334833333334
0.8121681181818181,1.0401877,0.0,30.537018,3.6003723,23.106631666666665
0.7017430363636363,1.0413855,0.0,30.527697,3.6003733,23.189964999999997
0.6377774999999999,1.0424126,0.0,30.526905,3.600358,23.273303333333327
0.5915650454545454,1.0433379,0.0,30.526905,3.6003094,23.356666666666662
0.5915650454545454,1.0433379,0.0,30.539087,3.6003094,23.356668333333314
0.5546222999999999,1.04422,0.0,30.564432,3.600358,23.440013333333322
0.5184199636363636,1.0450428,0.0,30.567486,3.6002007,23.523359999999986
0.49471161818181814,1.0458192,0.0,30.580648,3.6003494,23.606681666666677
0.46625917272727274,1.046551,0.0,30.580648,3.6003351,23.690026666666654
0.46625917272727274,1.046551,0.0,30.55048,3.6003351,23.690028333333338
0.4440871181818182,1.047248,0.0,30.506681,3.6002846,23.77334333333332
0.4247587363636363,1.0479105,0.0,30.550316,3.6003246,23.856698333333316
0.40554219999999996,1.0485414,0.0,30.550316,3.600338,23.940008333333328
0.40554219999999996,1.0485414,0.0,30.550646,3.600338,23.940009999999983
0.3859797363636363,1.0491486,0.0,30.501854,3.6002407,24.023373333333318
0.3699935545454545,1.0497177,0.0,30.501854,3.6002607,24.106644999999997
0.3699935545454545,1.0497177,0.0,30.499949,3.6002607,24.106646666666652
0.35665771818181813,1.0502784,0.0,30.514235,3.6002617,24.18999166666666
0.34178820909090907,1.0508089,0.0,30.507177,3.6002407,24.273368333333323
0.32901417272727274,1.0513228,0.0,30.521292,3.6003122,24.35670333333334
0.3173767454545454,1.0518141,0.0,30.458712,3.6002054,24.439973333333334
0.30539772727272724,1.0522889,0.0,30.458712,3.6002293,24.523356666666647
0.30539772727272724,1.0522889,0.0,30.440752,3.6002293,24.52335833333333
0.2961774272727273,1.052745,0.0,30.460814,3.6003532,24.606646666666652
0.2855647727272727,1.0531868,0.0,30.467707,3.6003532,24.690006666666672
0.27394294545454545,1.0536093,0.0,30.453756,3.6001606,24.773324999999993
0.26770158181818177,1.0540254,0.0,30.456478,3.6002312,24.85668999999998
0.25749379999999994,1.0544243,0.0,30.435465,3.6003103,24.940034999999988
0.25180382727272727,1.0548123,0.0,30.445375,3.6003466,25.023306666666667
0.2411903,1.055185,0.0,30.445375,3.600132,25.10664333333334
0.2411903,1.055185,0.0,30.373661,3.600132,25.106644999999997
0.23587919999999998,1.0555497,0.0,30.387945,3.6003513,25.19001833333332
0.22972193636363636,1.0559032,0.0,30.387945,3.6002007,25.27336499999998
0.22972193636363636,1.0559032,0.0,30.475098,3.6002007,25.273366666666668
0.21941011818181816,1.0562426,0.0,30.36581,3.6001682,25.356701666666655
0.21408340909090906,1.0565768,0.0,30.388895,3.6002493,25.440025
0.20904020909090906,1.0569024,0.0,30.388895,3.6003008,25.523346666666658
0.20904020909090906,1.0569024,0.0,30.405287,3.6003008,25.52334833333334
0.20344734545454543,1.057218,0.0,30.432741,3.6002712,25.60667
0.19254770909090907,1.0575198,0.0,30.432741,3.5999184,25.690039999999986
0.19254770909090907,1.0575198,0.0,30.36788,3.5999184,25.69004166666667
0.19249395454545454,1.0578125,0.0,30.36788,3.5999889,25.773340000000008
0.19249395454545454,1.0578125,0.0,30.340454,3.5999889,25.773341666666663
0.18722187272727273,1.0581032,0.0,30.340454,3.6000319,25.85662666666667
0.18722187272727273,1.0581032,0.0,30.359865,3.6000319,25.856628333333326
0.1872132,1.0583913,0.0,30.340614,3.6003094,25.93998500000001
0.18149722727272724,1.0586702,0.0,30.340614,3.600296,26.02333833333332
0.18149722727272724,1.0586702,0.0,30.372871,3.600296,26.023340000000008
0.17013029999999998,1.0589328,0.0,30.346697,3.5999222,26.10662666666667
0.17009735454545455,1.0591899,0.0,30.296144,3.5999603,26.189988333333318
0.17011815454545454,1.059453,0.0,30.295029,3.6002502,26.273323333333337
0.1642183818181818,1.0597053,0.0,30.295029,3.6002884,26.356668333333314
0.1642183818181818,1.0597053,0.0,30.307215,3.6002884,26.35667
0.1585128090909091,1.0599529,0.0,30.289085,3.6002092,26.43996833333334
0.1530083727272727,1.060195,0.0,30.227627,3.6001577,26.52333166666667
0.1530031727272727,1.0604272,0.0,30.227627,3.600255,26.606654999999986
0.1530031727272727,1.0604272,0.0,30.256826,3.600255,26.60665666666667
0.14770074545454542,1.060656,0.0,30.244638,3.6001625,26.690009999999983
0.14767386363636364,1.0608826,0.0,30.258926,3.6003284,26.77333666666667
0.14218850909090908,1.0611011,0.0,30.258926,3.6002359,26.856646666666652
0.14218850909090908,1.0611011,0.0,30.243654,3.6002359,26.856648333333336
0.13761433636363635,1.0613172,0.0,30.243654,3.6002254,26.94004500000001
0.13761433636363635,1.0613172,0.0,30.240599,3.6002254,26.940046666666664
0.13650633636363635,1.0615267,0.0,30.240599,3.6002121,27.023345000000003
0.13650633636363635,1.0615267,0.0,30.216221,3.6002121,27.023346666666658
0.13099757272727272,1.0617341,0.0,30.228741,3.60007,27.106686666666672
0.13098022727272726,1.0619338,0.0,30.228741,3.6001139,27.189973333333334
0.13098022727272726,1.0619338,0.0,30.197268,3.6001139,27.18997499999999
0.13098283636363636,1.0621339,0.0,30.205448,3.6002522,27.273351666666652
0.11961243636363635,1.0623258,0.0,30.229694,3.5999651,27.356646666666652
0.12486370909090909,1.0625165,0.0,30.229694,3.6001072,27.440006666666672
0.12486370909090909,1.0625165,0.0,30.167892,3.6001072,27.440008333333328
0.12156226363636362,1.0627049,0.0,30.192307,3.6001663,27.523356666666647
0.11958295454545453,1.0628896,0.0,30.192307,3.6001549,27.606651666666675
0.11958295454545453,1.0628896,0.0,30.176897,3.6001549,27.60665333333333
0.11963237272727271,1.0630718,0.0,30.123114,3.6003313,27.689988333333318
0.11429439999999999,1.0632477,0.0,30.123114,3.6001539,27.773359999999986
0.11429439999999999,1.0632477,0.0,30.152649,3.6001539,27.773361666666673
0.11431867272727271,1.0634215,0.0,30.105104,3.600215,27.85667
0.10879603636363636,1.0635935,0.0,30.105104,3.6000967,27.940063333333335
0.10879603636363636,1.0635935,0.0,30.169828,3.6000967,27.94006499999999
0.10876221818181817,1.0637594,0.0,30.169828,3.6000967,28.023329999999987
0.10876221818181817,1.0637594,0.0,30.153601,3.6000967,28.02333166666667
0.10876829090909089,1.0639251,0.0,30.116049,3.6001949,28.106638333333315
0.1032837909090909,1.0640916,0.0,30.107674,3.6001663,28.189981666666668
0.10331587272727272,1.0642482,0.0,30.109777,3.6001797,28.27334333333332
0.10325865454545453,1.0644071,0.0,30.085526,3.6001902,28.35671999999998
0.09775421818181818,1.0645632,0.0,30.08457,3.6001425,28.44003166666665
0.09772820909090908,1.0647117,0.0,30.08457,3.6000795,28.523329999999987
0.09772820909090908,1.0647117,0.0,30.081676,3.6000795,28.52333166666667
0.09772994545454546,1.064862,0.0,30.065285,3.6000748,28.606704999999994
0.09776895454545453,1.0650111,0.0,30.065285,3.6002398,28.689999999999994
0.09776895454545453,1.0650111,0.0,30.064327,3.6002398,28.69000166666665
0.0922575909090909,1.0651572,0.0,30.064327,3.6001139,28.77333666666667
0.0922575909090909,1.0651572,0.0,30.067225,3.6001139,28.77333833333332
0.09224198181818181,1.0652975,0.0,30.067225,3.6000986,28.85667
0.09224198181818181,1.0652975,0.0,30.023684,3.6000986,28.856671666666657
0.09231567272727272,1.065438,0.0,30.025942,3.6001654,28.940026666666654
0.08876453727272726,1.0655794,0.0,30.010859,3.600091,29.023388333333333
0.08701237727272727,1.0657111,0.0,30.021931,3.5999813,29.10666333333332
0.08699156999999999,1.0658453,0.0,30.014709,3.5999937,29.19001833333332
0.08696295999999999,1.0659784,0.0,29.961231,3.6000633,29.273318333333343
0.08703491909090907,1.0661113,0.0,30.043451,3.6001759,29.356640000000002
0.08699503818181817,1.066244,0.0,29.973267,3.600316,29.440043333333325
0.08174029272727272,1.0663704,0.0,29.967505,3.6001291,29.52332
0.08169520999999999,1.0664958,0.0,29.958336,3.600153,29.60671666666667
0.08175069636363635,1.066619,0.0,30.019203,3.600235,29.690046666666664
0.07641618909090908,1.0667433,0.0,29.964449,3.6000853,29.773371666666662
0.07642225818181816,1.0668588,0.0,29.964449,3.599987,29.856666666666662
0.07642225818181816,1.0668588,0.0,29.965561,3.599987,29.856668333333314
0.0764500009090909,1.0669754,0.0,29.950314,3.5999527,29.940013333333322
0.07643612909090908,1.0670937,0.0,29.907907,3.6000147,30.023414999999993
0.07642399181818181,1.0672101,0.0,29.927011,3.60007,30.106736666666652
0.07646040454545454,1.0673268,0.0,29.889601,3.6002026,30.190033333333336
0.0764534690909091,1.0674438,0.0,29.889601,3.6003304,30.273413333333338
0.0764534690909091,1.0674438,0.0,29.881388,3.6003304,30.273414999999993
0.07097157545454545,1.0675532,0.0,29.881388,3.6000996,30.35668999999998
0.07097157545454545,1.0675532,0.0,29.889759,3.6000996,30.356691666666666
0.07094383272727271,1.0676613,0.0,29.860506,3.60007,30.43999166666666
0.07092562545454545,1.0677696,0.0,29.860506,3.6000662,30.523308333333322
0.07092562545454545,1.0677696,0.0,29.907084,3.6000662,30.523310000000006
0.07091608909090909,1.0678774,0.0,29.880589,3.6001434,30.606755000000007
0.07087880909090909,1.0679861,0.0,29.893932,3.6002531,30.690036666666675
0.05929686818181818,1.0680889,0.0,29.893932,3.5998125,30.773306666666667
0.05929686818181818,1.0680889,0.0,29.8846,3.5998125,30.773308333333322
0.06522005272727271,1.0681847,0.0,29.825979,3.5997734,30.856651666666675
0.06525299727272728,1.0682844,0.0,29.825979,3.5997295,30.940013333333322
0.06525299727272728,1.0682844,0.0,29.816971,3.5997295,30.94001500000001
0.0652061809090909,1.0683835,0.0,29.839457,3.5997086,31.023359999999986
0.06518363909090909,1.0684835,0.0,29.81809,3.5998087,31.106631666666665
0.06522438727272727,1.0685833,0.0,29.81809,3.5998669,31.190028333333338
0.06522438727272727,1.0685833,0.0,29.816179,3.5998669,31.190029999999993
0.06523132363636362,1.0686829,0.0,29.816179,3.5999908,31.273353333333336
0.06523132363636362,1.0686829,0.0,29.853596,3.5999908,31.27335499999999
0.06515156181818181,1.0687799,0.0,29.825321,3.600091,31.35665333333333
0.0652347909090909,1.0688795,0.0,29.825321,3.6002712,31.44008833333334
0.0652347909090909,1.0688795,0.0,29.848791,3.6002712,31.440089999999994
0.05954915818181817,1.0689787,0.0,29.848791,3.6001978,31.52329333333334
0.05954915818181817,1.0689787,0.0,29.810228,3.6001978,31.523294999999994
0.05951361181818181,1.0690705,0.0,29.829657,3.6000471,31.60669666666666
0.05947719909090909,1.0691614,0.0,29.829657,3.6000433,31.690008333333328
0.05947719909090909,1.0691614,0.0,29.785965,3.6000433,31.690009999999983
0.05950060727272727,1.0692515,0.0,29.785965,3.6000319,31.77333833333332
0.05950060727272727,1.0692515,0.0,29.772776,3.6000319,31.773340000000008
0.05949107090909091,1.069343,0.0,29.77985,3.6000624,31.856718333333326
0.059504075454545446,1.0694337,0.0,29.793194,3.6001482,31.940054999999997
0.059476331818181814,1.0695251,0.0,29.793194,3.6002045,32.023345
0.059476331818181814,1.0695251,0.0,29.787243,3.6002045,32.023346666666654
0.05362424,1.069609,0.0,29.761698,3.5999851,32.10667166666666
0.05363464363636363,1.0696921,0.0,29.761698,3.5998306,32.18996333333332
0.05363464363636363,1.0696921,0.0,29.734533,3.5998306,32.189965
0.05359823090909091,1.0697742,0.0,29.734694,3.5997171,32.273299999999985
0.05971128272727272,1.0698634,0.0,29.756069,3.600172,32.35664999999999
0.04871888636363636,1.0699497,0.0,29.756069,3.5998716,32.43998500000001
0.04871888636363636,1.0699497,0.0,29.783398,3.5998716,32.43998666666666
0.05419644454545454,1.0700252,0.0,29.783398,3.5998592,32.523345
0.05419644454545454,1.0700252,0.0,29.751894,3.5998592,32.523346666666654
0.05419037545454545,1.0701107,0.0,29.744036,3.599946,32.60672333333332
0.05422071999999999,1.0701934,0.0,29.720716,3.5999842,32.690063333333335
0.05421291727272727,1.0702764,0.0,29.75206,3.60009,32.77341999999999
0.054248462727272725,1.0703577,0.0,29.75206,3.6001682,32.85677666666667
0.054248462727272725,1.0703577,0.0,29.740023,3.6001682,32.856778333333324
0.05423372454545454,1.0704422,0.0,29.772316,3.6002913,32.94002999999999
0.04892349272727273,1.070519,0.0,29.789679,3.6000443,33.02335666666665
0.04891742363636363,1.0705935,0.0,29.735847,3.5999517,33.10666666666666
0.04894516727272727,1.0706688,0.0,29.726999,3.5999031,33.19004333333332
0.04889401545454545,1.0707424,0.0,29.726999,3.5998068,33.27330499999998
0.04889401545454545,1.0707424,0.0,29.678129,3.5998068,33.27330666666667
0.04895470363636363,1.0708182,0.0,29.678129,3.5998697,33.35673833333333
0.04895470363636363,1.0708182,0.0,29.70467,3.5998697,33.35673999999999
0.048929560909090904,1.0708928,0.0,29.693422,3.5998888,33.440048333333316
0.04894256636363636,1.0709645,0.0,29.687305,3.5999451,33.52331666666666
0.048944299999999996,1.0710412,0.0,29.648726,3.5999565,33.60670833333334
0.04895990545454545,1.0711168,0.0,29.648726,3.6000414,33.69005166666666
0.04895990545454545,1.0711168,0.0,29.687305,3.6000414,33.69005333333332
0.04894690090909091,1.0711919,0.0,29.742462,3.6001377,33.773433333333315
0.04892522636363636,1.0712667,0.0,29.638927,3.600194,33.85669833333331
0.043600255454545454,1.0713407,0.0,29.638927,3.6001616,33.94003499999999
0.043600255454545454,1.0713407,0.0,29.633793,3.6001616,33.94003666666667
0.043627999090909086,1.0714059,0.0,29.633793,3.5999842,34.02332833333333
0.043627999090909086,1.0714059,0.0,29.641653,3.5999842,34.02332999999999
0.04364013636363636,1.0714725,0.0,29.641653,3.5998898,34.106678333333335
0.04364013636363636,1.0714725,0.0,29.622707,3.5998898,34.10667999999999
0.04366007727272727,1.0715404,0.0,29.622707,3.5998125,34.18997499999999
0.04366007727272727,1.0715404,0.0,29.64583,3.5998125,34.189976666666674
0.04367394909090909,1.0716074,0.0,29.604385,3.5998135,34.27331000000001
0.04364880636363636,1.0716739,0.0,29.645998,3.5997715,34.35670666666665
-0.47995740909090906,1.0716741,8.583751e-06,29.645998,3.5884333,34.358726666666676
-0.9198812727272726,1.0716741,8.583751e-06,29.645998,3.5781403,34.359898333333334
-1.3597860909090909,1.0716741,8.583751e-06,29.645998,3.5669737,34.36104333333333
-1.799893818181818,1.0716741,8.583751e-06,29.645998,3.5551004,34.36227166666667
-2.1996454545454545,1.0716741,8.583751e-06,29.645998,3.5440454,34.3634
-2.559782818181818,1.0716741,8.583751e-06,29.645998,3.5336199,34.364273333333344
-2.9196245454545453,1.0716741,8.583751e-06,29.645998,3.5228434,34.365273333333334
-3.2794180909090906,1.0716741,8.583751e-06,29.645998,3.511857,34.36625666666666
-3.599649818181818,1.0716741,8.583751e-06,29.645998,3.50179,34.367096666666654
-3.9197232727272726,1.0716741,8.583751e-06,29.645998,3.4916248,34.36799333333332
-3.9597736363636358,1.0716741,8.583751e-06,29.645998,3.4814157,34.37019
-3.9594906363636357,1.0716741,0.00075522717,29.645998,3.4714022,34.37301833333334
-3.9995713636363632,1.0716741,0.00075522717,29.645998,3.4608755,34.37611166666666
-3.9995198181818177,1.0716741,0.00075522717,29.645998,3.4507828,34.37989666666666
-3.999889545454545,1.0716741,0.00075522717,29.645998,3.4406567,34.38406666666666
-3.999704454545454,1.0716741,0.0018931737,29.645998,3.4301729,34.38889833333333
-3.999693181818181,1.0716741,0.0018931737,29.645998,3.4201717,34.39423
-3.9994152727272723,1.0716741,0.0018931737,29.645998,3.4100542,34.400325
-3.999788090909091,1.0716741,0.003246981,29.656128,3.3999157,34.40695499999999
-3.9997373636363633,1.0716741,0.003246981,29.656128,3.3898335,34.41446166666665
-3.999527181818182,1.0716741,0.0044060447,29.656128,3.3795061,34.42291166666667
-4.000030909090909,1.0716741,0.0044060447,29.656128,3.3694267,34.43227166666666
-3.999944181818181,1.0716741,0.0058385632,29.656128,3.3592901,34.442725
-4.000466909090909,1.0716741,0.0058385632,29.605503,3.3491507,34.45400499999999
-4.000131454545454,1.0716741,0.0075672311,29.605503,3.3391237,34.466419999999985
-4.000067727272727,1.0716741,0.0085686389,29.605503,3.3290863,34.47999333333334
-4.000646454545454,1.0716741,0.0097029228,29.605503,3.3189783,34.495539999999984
-4.000022636363636,1.0716741,0.010948634,29.64583,3.3088961,34.51191833333333
-3.999782909090909,1.0716741,0.01229603,29.64583,3.2987604,34.530531666666654
-3.999751272727272,1.0716741,0.013819508,29.64583,3.2885532,34.55127499999999
-3.999751272727272,1.0716741,0.013819508,29.64889,3.2885532,34.55127666666667
-4.000301363636363,1.0716741,0.015467013,29.64889,3.2785425,34.57394166666666
-4.000232454545454,1.0716741,0.017347163,29.656914,3.2685003,34.59958333333334
-4.000019181818182,1.0716741,0.019501306,29.656914,3.2584896,34.62850499999998
-3.999901272727272,1.0716741,0.021920372,29.656914,3.2484341,34.661943333333326
-3.999901272727272,1.0716741,0.021920372,29.670103,3.2484341,34.66194499999998
-4.0000065454545455,1.0716741,0.024785204,29.670103,3.2383308,34.70109166666668
-4.0000065454545455,1.0716741,0.024785204,29.693422,3.2383308,34.70109333333333
-4.000137545454545,1.0716741,0.028320953,29.755281,3.228302,34.74874666666665
-3.999693181818181,1.0716741,0.032693684,29.755281,3.2182732,34.80841333333334
-3.999693181818181,1.0716741,0.032693684,29.74193,3.2182732,34.808415
-4.000363363636364,1.0716741,0.038452972,29.778263,3.2082644,34.887435
-4.000069909090909,1.0716741,0.044592489,29.788225,3.2003632,34.97091166666666
-3.9998661818181813,1.0716741,0.050740764,29.856977,3.1946058,35.05439333333334
-4.000181727272727,1.0716741,0.056831706,29.856977,3.1902151,35.13773000000001
-4.000181727272727,1.0716741,0.056831706,29.864048,3.1902151,35.13773166666667
-3.999667636363636,1.0716741,0.062949955,29.939856,3.1866369,35.221118333333315
-3.9999337272727273,1.0716741,0.069067962,29.939856,3.1837511,35.30453666666666
-3.9999337272727273,1.0716741,0.069067962,29.951918,3.1837511,35.30453833333334
-4.000039545454545,1.0716741,0.07519386,29.995438,3.1813107,35.38792166666666
-3.999930727272727,1.0716741,0.081308216,29.994947,3.179122,35.47128999999998
-4.00018609090909,1.0716741,0.08741834,30.09531,3.1771584,35.55466
-4.000138818181817,1.0716741,0.09354154,30.18409,3.1756477,35.638114999999985
-3.999997090909091,1.0716741,0.09963908,30.145584,3.1739244,35.72161499999999
-3.9999402727272724,1.0716741,0.10579038,30.220396,3.1726217,35.805105000000005
-4.000101545454545,1.0716741,0.1118919,30.25666,3.1710415,35.888446666666674
-3.9995622727272724,1.0716741,0.11802852,30.285868,3.1699133,35.971949999999985
-3.999841818181818,1.0716741,0.12411433,30.344458,3.1686878,36.05532999999999
-3.9998691818181817,1.0716741,0.13023131,30.378979,3.1674442,36.13874333333333
-4.00018609090909,1.0716741,0.13634875,30.428238,3.1663551,36.22225333333333
-4.000253636363636,1.0716741,0.14249809,30.489836,3.1652775,36.30562499999999
-4.000146181818182,1.0716741,0.14855443,30.539581,3.1642704,36.38909166666666
-4.0003508181818175,1.0716741,0.1547187,30.569721,3.1632376,36.472508333333344
-3.9997669090909085,1.0716741,0.16081624,30.569721,3.1622562,36.555871666666675
-3.9997669090909085,1.0716741,0.16081624,30.589945,3.1622562,36.55587333333333
-4.000131454545454,1.0716741,0.16695727,30.685688,3.1612215,36.63927333333334
-4.0001145454545455,1.0716741,0.17307852,30.685688,3.1602259,36.72271333333332
-4.0001145454545455,1.0716741,0.17307852,30.767307,3.1602259,36.722715
-4.000090272727272,1.0716741,0.17917727,30.755131,3.1592407,36.806114999999984
-4.000347727272727,1.0716741,0.18527502,30.782236,3.1583834,36.889545
-3.9998461818181816,1.0716741,0.19141153,30.87237,3.1574278,36.97305999999999
-4.000005727272727,1.0716741,0.19754343,30.87237,3.1564837,37.056601666666666
-4.000005727272727,1.0716741,0.19754343,30.853897,3.1564837,37.05660333333332
-4.000052090909091,1.0716741,0.20363426,30.8895,3.1554451,37.13997833333333
-3.9998522727272725,1.0716741,0.20978744,30.8895,3.1544676,37.223461666666665
-3.9998522727272725,1.0716741,0.20978744,30.983286,3.1544676,37.22346333333332
-4.000738272727272,1.0716741,0.21589667,30.983286,3.1535873,37.306946666666654
-4.000738272727272,1.0716741,0.21589667,30.988237,3.1535873,37.30694833333334
-3.999991818181818,1.0716741,0.22196981,30.988237,3.1526594,37.39035833333334
-3.999991818181818,1.0716741,0.22196981,30.972843,3.1526594,37.390359999999994
-4.000076363636363,1.0716741,0.22811221,31.03343,3.1518087,37.47383
-3.9996485454545447,1.0716741,0.23426083,31.039366,3.1508121,37.55733666666665
-4.000005727272727,1.0716741,0.24039644,31.078453,3.1499319,37.64076500000001
-4.000099363636363,1.0716741,0.24646159,31.078453,3.1489563,37.724231666666675
-4.000099363636363,1.0716741,0.24646159,31.138067,3.1489563,37.72423333333333
-4.000202090909091,1.0716741,0.25262472,31.138067,3.1480303,37.807713333333325
-4.000202090909091,1.0716741,0.25262472,31.169153,3.1480303,37.80771500000001
-3.9999623636363633,1.0716741,0.25874698,31.208729,3.1472158,37.891076666666656
-3.999843181818181,1.0716741,0.26482415,31.219608,3.1461458,37.97450666666667
-3.999841,1.0716741,0.27093455,31.219608,3.1452188,38.05789500000001
-3.999841,1.0716741,0.27093455,31.283211,3.1452188,38.057896666666664
-4.000093272727272,1.0716741,0.27710536,31.314449,3.144352,38.14132666666668
-3.9997257272727267,1.0716741,0.28322437,31.346634,3.1432381,38.224738333333335
-3.9994352727272724,1.0716741,0.28932589,31.346634,3.142458,38.30814166666666
-3.9994352727272724,1.0716741,0.28932589,31.34535,3.142458,38.30814333333334
-4.000876636363636,1.0716741,0.29543519,31.399794,3.1414289,38.39161000000001
-3.999854454545454,1.0716741,0.30156708,31.413885,3.1404076,38.474945
-4.000098454545454,1.0716741,0.30770251,31.413885,3.1395226,38.55841166666666
-4.000098454545454,1.0716741,0.30770251,31.478605,3.1395226,38.55841333333334
-4.000403636363636,1.0716741,0.31380996,31.513014,3.1385765,38.64177666666668
-3.999872636363636,1.0716741,0.31992695,31.513014,3.1374187,38.72530999999999
-3.999872636363636,1.0716741,0.31992695,31.468317,3.1374187,38.72531166666668
-4.000139636363636,1.0716741,0.32595795,31.468317,3.1362915,38.80871166666666
-4.000139636363636,1.0716741,0.32595795,31.521793,3.1362915,38.808713333333316
-3.999743909090909,1.0716741,0.33216712,31.549805,3.1354427,38.892181666666666
-4.000061636363636,1.0716741,0.33826861,31.549805,3.1344604,38.97552999999998
-4.000061636363636,1.0716741,0.33826861,31.573032,3.1344604,38.97553166666667
-4.000108909090908,1.0716741,0.34439942,31.614342,3.13344,39.05902499999999
-4.0003234545454545,1.0716741,0.35051152,31.614342,3.1322422,39.142453333333314
-4.0003234545454545,1.0716741,0.35051152,31.629374,3.1322422,39.142455000000005
-3.9999515454545453,1.0716741,0.35663566,31.629374,3.1312675,39.22592333333332
-3.9999515454545453,1.0716741,0.35663566,31.707006,3.1312675,39.225925000000004
-3.999986636363636,1.0716741,0.36276445,31.707006,3.1301088,39.30933666666667
-3.999986636363636,1.0716741,0.36276445,31.746374,3.1301088,39.30933833333332
-4.000166090909091,1.0716741,0.36886999,31.72109,3.1291714,39.39267499999999
-3.999752090909091,1.0716741,0.37495506,31.746237,3.1279688,39.47600999999998
-3.9998505454545454,1.0716741,0.38111117,31.758223,3.1268873,39.55950833333333
-4.0003698181818175,1.0716741,0.38721958,31.758223,3.1257343,39.64293166666666
-4.0003698181818175,1.0716741,0.38721958,31.799488,3.1257343,39.64293333333332
-3.999798545454545,1.0716741,0.39334887,31.802366,3.1245823,39.726324999999996
-3.9998132727272724,1.0716741,0.39944503,31.802366,3.1234703,39.809723333333324
-3.9998132727272724,1.0716741,0.39944503,31.847982,3.1234703,39.80972499999998
-4.000040363636363,1.0716741,0.4054879,31.847982,3.1223745,39.89308666666666
-4.000040363636363,1.0716741,0.4054879,31.894215,3.1223745,39.89308833333332
-4.001089909090909,1.0716741,0.41166839,31.920439,3.121171,39.97648833333333
-3.999913818181818,1.0716741,0.41780722,31.974678,3.1199818,40.05983833333333
-4.000305272727272,1.0716741,0.42390847,31.974678,3.118825,40.143278333333335
-4.000305272727272,1.0716741,0.42390847,31.939154,3.118825,40.14327999999999
-4.000032999999999,1.0716741,0.43003935,31.939154,3.1176691,40.22663999999998
-4.000032999999999,1.0716741,0.43003935,31.961218,3.1176691,40.226641666666666
-3.9997859090909085,1.0716741,0.43615541,31.961218,3.1165724,40.31012166666666
-3.9997859090909085,1.0716741,0.43615541,31.953062,3.1165724,40.310123333333316
-3.9998990909090906,1.0716741,0.44226512,31.994675,3.1152706,40.39348499999999
-4.0002640909090905,1.0716741,0.44839096,32.02779,3.1139526,40.476890000000004
-4.000149181818181,1.0716741,0.45447648,32.02779,3.1127386,40.560275000000004
-4.000149181818181,1.0716741,0.45447648,32.051926,3.1127386,40.56027666666666
-4.000075090909091,1.0716741,0.46061713,32.051926,3.1115379,40.64365166666666
-4.000075090909091,1.0716741,0.46061713,32.089199,3.1115379,40.64365333333332
-3.9998587272727266,1.0716741,0.46672675,32.089199,3.1102648,40.72717333333333
-3.9998587272727266,1.0716741,0.46672675,32.084084,3.1102648,40.72717499999999
-4.000134454545455,1.0716741,0.47282985,32.136353,3.1088953,40.810508333333324
-4.000003545454545,1.0716741,0.47894597,32.187523,3.1076641,40.894029999999994
-3.9998492727272725,1.0716741,0.48504561,32.194553,3.1063862,40.97749166666666
-3.999884363636363,1.0716741,0.49121279,32.203686,3.1050644,41.061020000000006
-4.001593545454545,1.0716741,0.49732316,32.203686,3.1038322,41.14438833333334
-4.001593545454545,1.0716741,0.49732316,32.227802,3.1038322,41.144389999999994
-4.000135363636363,1.0716741,0.50342858,32.227802,3.1023951,41.227880000000006
-4.000135363636363,1.0716741,0.50342858,32.202541,3.1023951,41.22788166666666
-3.9999272727272723,1.0716741,0.5095585,32.202541,3.1010389,41.311253333333326
-3.9999272727272723,1.0716741,0.5095585,32.196457,3.1010389,41.31125499999998
-4.000153545454545,1.0716741,0.51567876,32.263752,3.099865,41.394728333333326
-4.000336,1.0716741,0.52178979,32.279911,3.0984421,41.47813833333333
-4.000266272727273,1.0716741,0.52790695,32.310917,3.0971317,41.56151333333334
-4.0004279090909085,1.0716741,0.53403032,32.310917,3.0957623,41.64485333333332
-4.0004279090909085,1.0716741,0.53403032,32.280529,3.0957623,41.64485500000001
-3.9998262727272724,1.0716741,0.5401333,32.280529,3.0945139,41.72826666666666
-3.9998262727272724,1.0716741,0.5401333,32.329922,3.0945139,41.72826833333332
-4.000641181818182,1.0716741,0.54625034,32.329922,3.0931797,41.81161499999998
-4.000641181818182,1.0716741,0.54625034,32.324818,3.0931797,41.811616666666666
-4.000160909090909,1.0716741,0.55232865,32.345917,3.0917482,41.894968333333324
-4.000197727272727,1.0716741,0.55848873,32.345917,3.0904541,41.978455000000004
-4.000197727272727,1.0716741,0.55848873,32.385403,3.0904541,41.97845666666665
-3.999781636363636,1.0716741,0.56460291,32.377254,3.0890074,42.06179166666667
-3.999756454545454,1.0716741,0.57067788,32.386185,3.0877132,42.14525999999999
-4.000077272727272,1.0716741,0.57682341,32.492931,3.0862846,42.22859499999998
-4.000258,1.0716741,0.5829528,32.481575,3.0848989,42.31206833333332
-3.999855727272727,1.0716741,0.58906972,32.481575,3.0834007,42.395559999999996
-3.999855727272727,1.0716741,0.58906972,32.480629,3.0834007,42.395561666666644
-3.9998513636363633,1.0716741,0.59515631,32.504593,3.082202,42.47896833333334
-4.000099363636363,1.0716741,0.60131252,32.544842,3.0806265,42.56237666666666
-4.000485181818182,1.0716741,0.60741687,32.563053,3.0792999,42.64583833333333
-3.999847090909091,1.0716741,0.61355752,32.574104,3.077651,42.729274999999994
-4.0004028181818185,1.0716741,0.61969024,32.574268,3.0761318,42.812784999999984
-4.000096363636364,1.0716741,0.62579966,32.6455,3.0746107,42.896283333333336
-4.000032181818182,1.0716741,0.63187683,32.6455,3.0730429,42.979734999999984
-4.000032181818182,1.0716741,0.63187683,32.655403,3.0730429,42.97973666666667
-4.000231545454545,1.0716741,0.63804954,32.621998,3.0714397,43.063138333333335
-4.000129272727273,1.0716741,0.64412773,32.673283,3.0698881,43.146526666666674
-3.9988842727272726,1.0716741,0.65027994,32.673283,3.068346,43.229986666666655
-3.9988842727272726,1.0716741,0.65027994,32.653149,3.068346,43.229988333333345
-4.000121909090908,1.0716741,0.65638363,32.698357,3.0666151,43.31339500000001
-3.9996307272727267,1.0716741,0.66250074,32.743881,3.0649605,43.396756666666654
-3.9999125454545448,1.0716741,0.66862476,32.718651,3.0630865,43.480109999999996
-4.000013999999999,1.0716741,0.67471248,32.718651,3.0613432,43.56348166666667
-4.000013999999999,1.0716741,0.67471248,32.79932,3.0613432,43.56348333333332
-3.999991818181818,1.0716741,0.68085206,32.823402,3.0596819,43.646875
-3.9995917272727275,1.0716741,0.68698198,32.827087,3.0578108,43.73039333333333
-4.000082454545454,1.0716741,0.69309139,32.865219,3.0560217,43.81382
-4.000567545454545,1.0716741,0.69922435,32.865219,3.0540314,43.89733
-4.000567545454545,1.0716741,0.69922435,32.861069,3.0540314,43.89733166666665
-3.999510272727272,1.0716741,0.7053104,32.855968,3.0521488,43.98074499999999
-3.999847090909091,1.0716741,0.71142149,32.882137,3.0501413,44.064134999999986
-4.000080727272727,1.0716741,0.71753353,32.942486,3.0481176,44.14751166666665
-4.0001110909090904,1.0716741,0.7236715,32.932285,3.0461302,44.23089666666665
-3.999985363636363,1.0716741,0.72979546,32.982727,3.0440092,44.314361666666656
-4.00031309090909,1.0716741,0.73589587,32.982727,3.041872,44.397836666666656
-4.00031309090909,1.0716741,0.73589587,33.044014,3.041872,44.39783833333334
-4.00031309090909,1.0716741,0.74197912,33.021828,3.0396423,44.48119666666665
-3.999930727272727,1.0716741,0.74815488,33.018459,3.0373878,44.564609999999995
-4.000122727272727,1.0716741,0.75405377,33.018459,3.0350876,44.648026666666674
-4.000122727272727,1.0716741,0.75405377,33.034599,3.0350876,44.64802833333333
-4.000150090909091,1.0716741,0.76033819,33.034599,3.0327539,44.73138666666667
-4.000150090909091,1.0716741,0.76033819,33.130192,3.0327539,44.73138833333333
-3.9998829999999996,1.0716741,0.76644856,33.145378,3.030262,44.81482333333334
-4.000144,1.0716741,0.77255672,33.179337,3.0279245,44.898184999999984
-3.999931636363636,1.0716741,0.77872556,33.179337,3.0253839,44.98163333333332
-3.999931636363636,1.0716741,0.77872556,33.189224,3.0253839,44.981635000000004
-4.000743545454545,1.0716741,0.78481156,33.222404,3.0227957,45.064976666666674
-4.000032181818182,1.0716741,0.79088962,33.222404,3.020154,45.14844666666665
-4.000032181818182,1.0716741,0.79088962,33.247612,3.020154,45.148448333333334
-4.000039545454545,1.0716741,0.7970528,33.268669,3.0173655,45.231970000000004
-4.000049090909091,1.0716741,0.80313581,33.265469,3.0146408,45.31530499999999
-3.999860090909091,1.0716741,0.80931109,33.265469,3.0117493,45.39867666666666
-3.999860090909091,1.0716741,0.80931109,33.329609,3.0117493,45.39867833333334
-3.999425727272727,1.0716741,0.81537348,33.329609,3.0087433,45.48209333333334
-3.999425727272727,1.0716741,0.81537348,33.414932,3.0087433,45.482094999999994
-3.9987859090909086,1.0716741,0.82155037,33.431057,3.0058079,45.56563166666665
-3.999664545454545,1.0716741,0.82767916,33.431057,3.002718,45.648991666666674
-3.999664545454545,1.0716741,0.82767916,33.465977,3.002718,45.64899333333333
-4.000120636363636,1.0716741,0.83375436,33.441887,2.9994535,45.732376666666674
-3.9998917272727272,1.0716741,0.83987153,33.441887,2.9960546,45.815715
-3.9998917272727272,1.0716741,0.83987153,33.466751,2.9960546,45.81571666666665
-4.000088090909091,1.0716741,0.8459506,33.539295,2.9926596,45.899074999999996
-3.9998882727272727,1.0716741,0.85206801,33.539295,2.9889059,45.98241333333332
-3.9998882727272727,1.0716741,0.85206801,33.571205,2.9889059,45.98241500000001
-4.000181727272727,1.0716741,0.85823894,33.60004,2.9853258,46.06578
-3.9996476363636355,1.0716741,0.86429578,33.60004,2.9814863,46.149174999999985
-3.9996476363636355,1.0716741,0.86429578,33.64323,2.9814863,46.14917666666667
-3.999884363636363,1.0716741,0.87035608,33.64323,2.977438,46.23261499999999
-3.999884363636363,1.0716741,0.87035608,33.648026,2.977438,46.23261666666667
-4.000303545454545,1.0716741,0.87659115,33.692165,2.9732943,46.31613000000001
-3.999884363636363,1.0716741,0.88271493,33.782379,2.9690361,46.39947166666668
-3.9998917272727272,1.0716741,0.88879317,33.768188,2.9643755,46.482836666666664
-4.0001145454545455,1.0716741,0.89491999,33.814236,2.9593878,46.56625166666666
-3.9994469999999995,1.0716741,0.9010371,33.852493,2.9544411,46.64969166666666
-4.000026545454545,1.0716741,0.90716022,33.910328,2.9490128,46.73311999999999
-3.999751272727272,1.0716741,0.91324335,33.946487,2.9435005,46.816520000000004
-3.999776363636363,1.0716741,0.91938597,33.946487,2.9373817,46.900031666666656
-3.999776363636363,1.0716741,0.91938597,34.017685,2.9373817,46.90003333333334
-3.9997542727272726,1.0716741,0.92553222,34.022633,2.9311924,46.98354333333334
-3.9996389999999993,1.0716741,0.93161786,34.116894,2.9243431,47.06698166666665
-3.9999380909090907,1.0716741,0.93765491,34.101612,2.9172707,47.15039166666666
-3.9998756363636363,1.0716741,0.94388086,34.101612,2.9094744,47.23376333333332
-3.9998756363636363,1.0716741,0.94388086,34.199863,2.9094744,47.23376500000001
-3.9997711818181814,1.0716741,0.94997138,34.244926,2.9013195,47.317109999999985
-3.999882181818182,1.0716741,0.95611399,34.244926,2.8922768,47.40051999999999
-3.999882181818182,1.0716741,0.95611399,34.235538,2.8922768,47.40052166666668
-3.9997859090909085,1.0716741,0.96221638,34.372921,2.8823824,47.483966666666674
-3.999944181818181,1.0716741,0.96796894,34.372921,2.8723373,47.562610000000014
-3.999944181818181,1.0716741,0.96796894,34.380871,2.8723373,47.56261166666666
-4.000134454545455,1.0716741,0.97324902,34.380871,2.8623352,47.634093333333325
-4.000134454545455,1.0716741,0.97324902,34.433079,2.8623352,47.63409500000001
-3.9999476363636357,1.0716741,0.97797292,34.433079,2.852314,47.69890499999998
-3.9999476363636357,1.0716741,0.97797292,34.493069,2.852314,47.698906666666666
-3.9999168181818177,1.0716741,0.98235649,34.526154,2.8423033,47.75869666666667
-4.0002189999999995,1.0716741,0.98638582,34.546993,2.8322601,47.81404333333333
-4.000203,1.0716741,0.99007219,34.620968,2.8222065,47.864475000000006
-4.000882272727272,1.0716741,0.99357206,34.620968,2.8121386,47.911565
-4.000882272727272,1.0716741,0.99357206,34.619854,2.8121386,47.91156666666666
-3.9999949090909084,1.0716741,0.99677616,34.689068,2.8021011,47.95535333333334
-3.9999476363636357,1.0716741,0.99974751,34.70179,2.7920856,47.995701666666655
-4.000094181818181,1.0716741,1.0025549,34.70179,2.7820683,48.03364833333332
-4.000507272727273,1.0716741,1.0051539,34.70179,2.772027,48.06920999999999
-4.000507272727273,1.0716741,1.0051539,34.756023,2.772027,48.069211666666675
-3.9996697272727273,1.0716741,1.0076082,34.794983,2.7619019,48.102641666666656
-3.9996602727272728,1.0716741,1.0098698,34.808807,2.7517366,48.13409166666667
-3.9997321818181817,1.0716741,1.0120612,34.808807,2.7416477,48.163973333333345
-4.000229363636364,1.0716741,1.0141411,34.808807,2.7315722,48.19191666666666
-4.000229363636364,1.0716741,1.0141411,34.861599,2.7315722,48.19191833333334
-3.999570454545454,1.0716741,1.0161005,34.861599,2.7215691,48.21848999999999
-4.000038272727273,1.0716741,1.017976,34.861599,2.7114038,48.244105000000005
-4.000038272727273,1.0716741,1.017976,34.898655,2.7114038,48.24410666666666
-4.000239818181818,1.0716741,1.0197186,34.898655,2.701313,48.26796666666666
-4.000366818181818,1.0716741,1.021415,34.940624,2.6912136,48.29082833333332
-4.0000339090909085,1.0716741,1.0229248,34.940624,2.6812086,48.312285
-4.000141818181818,1.0716741,1.0244883,34.961777,2.671114,48.333110000000005
-4.0001513636363635,1.0716741,1.0259452,34.961777,2.6610775,48.35268166666665
-4.000197727272727,1.0716741,1.0273279,34.961777,2.6510201,48.37166833333334
-4.000197727272727,1.0716741,1.0273279,35.026772,2.6510201,48.371669999999995
-4.00007209090909,1.0716741,1.0285913,35.026772,2.6410131,48.38954999999999
-4.000020454545455,1.0716741,1.029883,35.026772,2.6309795,48.40667499999999
-4.000009636363636,1.0716741,1.0311179,35.026772,2.620924,48.42341666666665
-4.000009636363636,1.0716741,1.0311179,35.0298,2.620924,48.42341833333333
-3.9997360909090904,1.0716741,1.0322416,35.0298,2.610899,48.43913999999998
-4.000274909090909,1.0716741,1.0322416,35.0298,2.6008596,48.45408833333334
-3.9996697272727273,1.0716741,1.0344552,35.095764,2.5907679,48.46868666666666
-3.999992727272727,1.0716741,1.035429,35.095764,2.5806808,48.48239166666666
-3.999949818181818,1.0716741,1.0364341,35.095764,2.5705976,48.49591333333334
-4.000224181818181,1.0716741,1.0373584,35.131668,2.5604954,48.50864166666667
-3.9999667272727266,1.0716741,1.038291,35.131668,2.550334,48.52099166666667
-4.000005727272727,1.0716741,1.038291,35.131668,2.5401239,48.53282166666665
-3.999565272727272,1.0716741,1.0399818,35.131668,2.5300226,48.54420999999999
-4.000627363636363,1.0716741,1.0407386,35.131668,2.5200224,48.554865
-3.9997911818181815,1.0716741,1.0407386,35.174591,2.5099516,48.56518499999999
-4.000305272727272,1.0716741,1.0422505,35.174591,2.4998331,48.57519499999999
-3.999983636363636,1.0716741,1.0422505,35.174591,2.4897041,48.58483833333333
-4.000036090909091,1.0716741,1.0436156,35.174591,2.4795027,48.59392000000001
-3.9998756363636363,1.0716741,1.0436156,35.274681,2.4693308,48.60284833333332
-3.9998093636363636,1.0716741,1.0449187,35.274681,2.4590483,48.61141000000001
-3.999589545454545,1.0716741,1.0449187,35.274681,2.4489622,48.61941666666665
-4.00023809090909,1.0716741,1.0460519,35.274681,2.4386444,48.62727500000001
-4.00022509090909,1.0716741,1.0460519,35.274681,2.4285507,48.63458000000001
-4.000248454545455,1.0716741,1.047104,35.274681,2.4183674,48.64174333333334
-3.9997343636363634,1.0716741,1.047104,35.274681,2.4079742,48.64858333333332
-3.999730909090909,1.0716741,1.0480869,35.274681,2.397728,48.65522333333332
-3.999730909090909,1.0716741,1.0480869,35.299454,2.397728,48.655225
-4.000132272727273,1.0716741,1.0480869,35.299454,2.3876038,48.66142666666665
-3.999488999999999,1.0716741,1.0480869,35.299454,2.3774605,48.667249999999996
-4.000434454545455,1.0716741,1.0494143,35.299454,2.3673954,48.67286333333332
-4.0003542727272725,1.0716741,1.0494143,35.299454,2.357233,48.678335
-4.000137545454545,1.0716741,1.0494143,35.299454,2.3471651,48.683383333333346
-3.9995630909090907,1.0716741,1.0505536,35.299454,2.3368511,48.68835666666667
-4.000357272727273,1.0716741,1.0505536,35.299454,2.3265533,48.693224999999984
-3.9993571818181812,1.0716741,1.0505536,35.299454,2.3165073,48.697661666666654
-3.9993571818181812,1.0716741,1.0505536,35.331413,2.3165073,48.69766333333334
-4.000669818181818,1.0716741,1.0505536,35.331413,2.3064442,48.70195833333334
-3.9993563636363634,1.0716741,1.0518298,35.331413,2.2962914,48.70603833333332
-4.000025636363636,1.0716741,1.0518298,35.331413,2.2862539,48.70979833333334
-4.000011818181818,1.0716741,1.0518298,35.331413,2.2761221,48.713556666666655
-4.0002558181818175,1.0716741,1.0518298,35.331413,2.2657719,48.71718333333332
-4.000001363636364,1.0716741,1.0518298,35.331413,2.255249,48.72073333333334
-3.9989909090909084,1.0716741,1.0531372,35.331413,2.245141,48.723946666666656
-3.9998206363636366,1.0716741,1.0531372,35.331413,2.2347651,48.72704
-3.9999147272727273,1.0716741,1.0531372,35.331413,2.2243805,48.72999999999999
-3.999728727272727,1.0716741,1.0531372,35.331413,2.2142973,48.73271833333332
-4.00030009090909,1.0716741,1.0531372,35.331413,2.2042456,48.73537166666665
-4.000121909090908,1.0716741,1.0541676,35.331413,2.194026,48.73796166666668
-3.9995557272727273,1.0716741,1.0541676,35.331413,2.1831656,48.74043666666667
-3.9999220909090902,1.0716741,1.0541676,35.331413,2.1727943,48.74284833333334
-4.000163090909091,1.0716741,1.0541676,35.40654,2.1619577,48.745123333333325
-4.000198636363637,1.0716741,1.0541676,35.40654,2.1519175,48.74720000000001
-3.9997343636363634,1.0716741,1.0541676,35.40654,2.1416559,48.74924000000001
-3.9999589090909087,1.0716741,1.0541676,35.40654,2.1314545,48.751163333333324
-3.9998765454545446,1.0716741,1.0541676,35.40654,2.1209059,48.75302500000001
-3.999735181818181,1.0716741,1.0554427,35.40654,2.1103811,48.754839999999994
-3.999684545454545,1.0716741,1.0554427,35.40654,2.0999918,48.756621666666675
-3.9997161818181812,1.0716741,1.0554427,35.40654,2.088583,48.758345000000006
-3.999872636363636,1.0716741,1.0554427,35.40654,2.0783386,48.76001166666665
-3.999763818181818,1.0716741,1.0554427,35.40654,2.0674381,48.761558333333326
-3.9995323636363636,1.0716741,1.0554427,35.40654,2.0562735,48.76318666666666
-4.000047727272727,1.0716741,1.0554427,35.40654,2.0453987,48.764704999999985
-3.9997118181818174,1.0716741,1.0554427,35.40654,2.0340729,48.766133333333315
-3.999936818181818,1.0716741,1.0554427,35.40654,2.0240173,48.767453333333314
-4.000424909090909,1.0716741,1.0554427,35.40654,2.0137291,48.76870333333333
-4.000056454545454,1.0716741,1.0554427,35.40654,2.0032291,48.770013333333345
-3.9996485454545447,1.0716741,1.0565487,35.40654,2.0266247,48.77125499999999
-3.999943272727273,1.0716741,1.0565487,35.40654,2.0129271,48.77174833333332
-4.000053,1.0716741,1.0565487,35.40654,1.9996805,48.772333333333336
-1.1830173636363635,1.0716741,1.0598437,35.52422,1.999567,48.85577666666665
-0.6173272545454545,1.0716741,1.0611268,35.585018,1.9996576,48.93912166666666
-0.4167756181818182,1.0716741,1.0619073,35.579948,1.9998369,49.022519999999986
-0.33446745454545457,1.0716741,1.0624712,35.692978,1.9996758,49.10602499999998
-0.28869195454545454,1.0716741,1.0629445,35.641842,1.9997044,49.18945999999999
-0.25691292727272724,1.0716741,1.0633622,35.665043,2.0000877,49.272939999999984
-0.23512753636363634,1.0716741,1.0637361,35.554054,1.9999275,49.35628166666665
-0.2167641,1.0716741,1.0640833,35.554054,1.9998922,49.43974166666667
-0.2167641,1.0716741,1.0640833,35.527237,1.9998922,49.439743333333325
-0.2024667909090909,1.0716741,1.0644011,35.527237,1.999979,49.52310166666666
-0.2024667909090909,1.0716741,1.0644011,35.440372,1.999979,49.52310333333332
-0.1897283,1.0716741,1.0646952,35.440372,1.9996157,49.606461666666654
-0.1897283,1.0716741,1.0646952,35.431633,1.9996157,49.60646333333334
-0.17820705454545452,1.0716741,1.0649825,35.342529,2.0002384,49.68980166666667
-0.17047101818181817,1.0716741,1.0652485,35.342529,1.9997292,49.77327833333332
-0.17047101818181817,1.0716741,1.0652485,35.275658,1.9997292,49.77328000000001
-0.1616243909090909,1.0716741,1.065501,35.275658,2.0000172,49.85677333333333
-0.1616243909090909,1.0716741,1.065501,35.171894,2.0000172,49.856774999999985
-0.1536065909090909,1.0716741,1.0657433,35.080997,1.9999857,49.94017666666665
-0.14778310909090908,1.0716741,1.0659728,35.080997,1.9998569,50.02359
-0.14778310909090908,1.0716741,1.0659728,34.977978,1.9998569,50.023591666666654
-0.1416639818181818,1.0716741,1.0661939,34.912029,1.9998159,50.10702333333332
-0.1358327,1.0716741,1.0664043,34.83712,2.0001917,50.19040666666667
-0.1315220909090909,1.0716741,1.0666101,34.83712,2.0001173,50.27383666666665
-0.1315220909090909,1.0716741,1.0666101,34.794369,2.0001173,50.27383833333333
-0.12604973636363634,1.0716741,1.066808,34.794369,2.0002251,50.357240000000004
-0.12604973636363634,1.0716741,1.066808,34.652321,2.0002251,50.35724166666666
-0.12247779090909089,1.0716741,1.0669955,34.592354,1.9998684,50.44064166666667
-0.11840647272727271,1.0716741,1.0671824,34.592354,2.000103,50.52409166666666
-0.11840647272727271,1.0716741,1.0671824,34.529182,2.000103,50.52409333333332
-0.11486487272727272,1.0716741,1.0673605,34.401096,1.9999428,50.60747500000001
-0.11058633636363636,1.0716741,1.0675336,34.315136,2.0002594,50.69091499999998
-0.10831486363636363,1.0716741,1.0677012,34.315136,1.9998951,50.77432499999998
-0.10831486363636363,1.0716741,1.0677012,34.283142,1.9998951,50.77432666666667
-0.10530905454545454,1.0716741,1.0678636,34.283142,1.9998693,50.85770666666667
-0.10530905454545454,1.0716741,1.0678636,34.158157,1.9998693,50.85770833333333
-0.1019737909090909,1.0716741,1.0680218,34.05592,2.0000095,50.941146666666675
-0.09928529999999999,1.0716741,1.0681763,34.05592,1.9996729,51.02448000000001
-0.09928529999999999,1.0716741,1.0681763,34.01387,1.9996729,51.02448166666667
-0.09623267272727272,1.0716741,1.0683259,33.918774,1.9998274,51.10792833333332
-0.09375311818181817,1.0716741,1.0684696,33.850895,1.9998064,51.19131000000001
-0.09105942727272727,1.0716741,1.0686126,33.850895,2.0000916,51.274695
-0.09105942727272727,1.0716741,1.0686126,33.763565,2.0000916,51.27469666666666
-0.08844982454545454,1.0716741,1.0687511,33.763565,2.000247,51.358091666666645
-0.08844982454545454,1.0716741,1.0687511,33.682442,2.000247,51.358093333333336
-0.08617401090909091,1.0716741,1.068884,33.682442,1.999999,51.44142833333332
-0.08617401090909091,1.0716741,1.068884,33.645321,1.999999,51.441430000000004
-0.08377508727272727,1.0716741,1.0690151,33.645321,2.0003815,51.524864999999984
-0.08377508727272727,1.0716741,1.0690151,33.525917,2.0003815,51.52486666666667
-0.08191455454545454,1.0716741,1.0691426,33.441559,2.0001535,51.60831333333332
-0.08027943727272727,1.0716741,1.0692682,33.441559,1.9999409,51.69166833333332
-0.08027943727272727,1.0716741,1.0692682,33.414604,1.9999409,51.69167000000001
-0.07843971272727272,1.0716741,1.0693897,33.317467,1.9997616,51.77500666666665
-0.07573214454545453,1.0716741,1.0695088,33.288284,2.000329,51.858513333333335
-0.07451057454545454,1.0716741,1.0696244,33.288284,2.0001574,51.941933333333324
-0.07451057454545454,1.0716741,1.0696244,33.222404,2.0001574,51.94193499999998
-0.07272980454545455,1.0716741,1.0697371,33.061409,2.0001831,52.02536
-0.07053028454545454,1.0716741,1.0698465,33.061409,2.0001554,52.10879833333332
-0.07053028454545454,1.0716741,1.0698465,33.062847,2.0001554,52.1088
-0.06904688727272727,1.0716741,1.0699522,33.034927,1.9999428,52.192203333333325
-0.06726871818181818,1.0716741,1.0700576,32.913441,2.0000582,52.275685
-0.06557811363636364,1.0716741,1.0701587,32.851334,1.9998932,52.35908999999999
-0.06375399545454545,1.0716741,1.0702572,32.816044,1.9996634,52.44254333333332
-0.06233215363636363,1.0716741,1.0703532,32.762867,1.9997406,52.526038333333325
-0.06063634727272727,1.0716741,1.0704465,32.68351,2.000082,52.60938499999999
-0.058780149999999996,1.0716741,1.0705373,32.68351,1.9997711,52.69277666666667
-0.058780149999999996,1.0716741,1.0705373,32.634319,1.9997711,52.69277833333332
-0.05623730727272727,1.0716741,1.0706259,32.634319,2.0002546,52.77614166666665
-0.05623730727272727,1.0716741,1.0706259,32.575996,2.0002546,52.776143333333344
-0.056018829090909085,1.0716741,1.0707121,32.524731,1.999835,52.859513333333325
-0.05437330727272727,1.0716741,1.0707954,32.472813,1.9998255,52.94298666666667
-0.051720359090909086,1.0716741,1.0708773,32.472813,2.0002556,53.026491666666665
-0.051720359090909086,1.0716741,1.0708773,32.43269,2.0002556,53.02649333333332
-0.05104845181818181,1.0716741,1.0709561,32.43269,2.0002108,53.10997166666666
-0.05104845181818181,1.0716741,1.0709561,32.353279,2.0002108,53.109973333333315
-0.049632679090909085,1.0716741,1.0710335,32.281673,2.0000267,53.19339999999999
-0.047701055454545456,1.0716741,1.0711076,32.281673,2.0001125,53.27675166666665
-0.047701055454545456,1.0716741,1.0711076,32.281059,2.0001125,53.27675333333333
-0.04678379363636363,1.0716741,1.0711806,32.203491,2.0001831,53.360113333333324
-0.044755935454545454,1.0716741,1.0712508,32.165276,2.0001354,53.44346333333333
-0.04377798636363636,1.0716741,1.0713187,32.165276,1.9999075,53.52684833333333
-0.04377798636363636,1.0716741,1.0713187,32.101006,1.9999075,53.52684999999998
-0.043129487272727265,1.0716741,1.0713848,32.09816,1.999609,53.61023166666667
-0.041064349090909086,1.0716741,1.0714494,32.09816,1.9999723,53.69357999999999
-0.041064349090909086,1.0716741,1.0714494,32.014637,1.9999723,53.693581666666674
-0.04036036363636364,1.0716741,1.0715116,31.962366,1.9996872,53.776953333333346
-0.038589130909090906,1.0716741,1.0715725,31.932281,2.0001345,53.860379999999985
-0.03775856727272727,1.0716741,1.0716316,31.932281,1.9997864,53.943848333333335
-0.03775856727272727,1.0716741,1.0716316,31.881893,1.9997864,53.94384999999999
-0.037390101818181816,1.0716741,1.0716878,31.881893,1.9996481,54.027264999999986
-0.037390101818181816,1.0716741,1.0716878,31.81949,1.9996481,54.02726666666668
-0.03598733363636364,1.0716741,1.0717444,31.764114,2.0002422,54.11074499999998
-0.03518884818181818,1.0716741,1.0717984,31.728912,2.0000648,54.194228333333314
-0.033141916363636365,1.0716741,1.0718509,31.691639,2.0002804,54.27769500000001
-0.03291736909090909,1.0716741,1.0719005,31.691639,2.000061,54.357293333333324
-0.03291736909090909,1.0716741,1.0719005,31.620401,2.000061,54.35729500000001
-0.03291736909090909,1.0716741,1.0719005,31.620401,2.0022612,54.35838333333334
-0.03291736909090909,1.0716741,1.0719005,31.620401,2.0123386,54.36551833333333
-0.03291736909090909,1.0716741,1.0719005,31.620401,2.0223856,54.37329
0.0,1.0716741,1.0719005,31.620401,2.024291,54.37497499999999
